w_rf,w_et,oof_mse_raw,oof_mse_clipped
0.15200000000000002,0.848,110.36309185851032,110.36309185851032
0.15300000000000002,0.847,110.36309856406247,110.36309856406247
0.15100000000000002,0.849,110.36311845374874,110.36311845374874
0.15400000000000003,0.846,110.36313857040517,110.36313857040517
0.15000000000000002,0.85,110.36317834977768,110.36317834977768
0.15500000000000003,0.845,110.3632118775384,110.3632118775384
0.14900000000000002,0.851,110.36327154659719,110.36327154659719
0.15600000000000003,0.844,110.36331848546219,110.36331848546219
0.14800000000000002,0.852,110.36339804420724,110.36339804420724
0.15700000000000003,0.843,110.36345839417653,110.36345839417653
0.14700000000000002,0.853,110.36355784260786,110.36355784260786
0.15800000000000003,0.842,110.36363160368144,110.36363160368144
0.14600000000000002,0.854,110.36375094179903,110.36375094179903
0.15900000000000003,0.841,110.36383811397688,110.36383811397688
0.14500000000000002,0.855,110.36397734178074,110.36397734178074
0.16000000000000003,0.84,110.36407792506287,110.36407792506287
0.14400000000000002,0.856,110.36423704255301,110.36423704255301
0.16100000000000003,0.839,110.36435103693944,110.36435103693944
0.14300000000000002,0.857,110.36453004411581,110.36453004411581
0.16200000000000003,0.838,110.36465744960651,110.36465744960651
0.14200000000000002,0.858,110.36485634646918,110.36485634646918
0.16300000000000003,0.837,110.36499716306416,110.36499716306416
0.14100000000000001,0.859,110.36521594961309,110.36521594961309
0.16400000000000003,0.836,110.36537017731237,110.36537017731237
0.14,0.86,110.36560885354754,110.36560885354754
0.16500000000000004,0.835,110.36577649235112,110.36577649235112
0.139,0.861,110.36603505827257,110.36603505827257
0.16600000000000004,0.834,110.36621610818041,110.36621610818041
0.138,0.862,110.36649456378812,110.36649456378812
0.16700000000000004,0.833,110.36668902480027,110.36668902480027
0.137,0.863,110.36698737009425,110.36698737009425
0.16799999999999993,0.8320000000000001,110.36719524221067,110.36719524221067
0.136,0.864,110.36751347719093,110.36751347719093
0.16899999999999993,0.8310000000000001,110.36773476041162,110.36773476041162
0.135,0.865,110.36807288507813,110.36807288507813
0.16999999999999993,0.8300000000000001,110.36830757940311,110.36830757940311
0.134,0.866,110.36866559375589,110.36866559375589
0.17099999999999993,0.8290000000000001,110.36891369918517,110.36891369918517
0.133,0.867,110.3692916032242,110.3692916032242
0.17199999999999993,0.8280000000000001,110.36955311975778,110.36955311975778
0.132,0.868,110.36995091348307,110.36995091348307
0.17299999999999993,0.8270000000000001,110.37022584112091,110.37022584112091
0.131,0.869,110.37064352453248,110.37064352453248
0.17399999999999993,0.8260000000000001,110.37093186327463,110.37093186327463
0.13,0.87,110.37136943637245,110.37136943637245
0.17499999999999993,0.8250000000000001,110.37167118621889,110.37167118621889
0.129,0.871,110.37212864900297,110.37212864900297
0.17599999999999993,0.8240000000000001,110.37244380995368,110.37244380995368
0.128,0.872,110.37292116242405,110.37292116242405
0.17699999999999994,0.8230000000000001,110.37324973447905,110.37324973447905
0.127,0.873,110.37374697663566,110.37374697663566
0.17799999999999994,0.8220000000000001,110.37408895979496,110.37408895979496
0.126,0.874,110.37460609163784,110.37460609163784
0.17899999999999994,0.8210000000000001,110.37496148590141,110.37496148590141
0.125,0.875,110.37549850743056,110.37549850743056
0.17999999999999994,0.8200000000000001,110.37586731279842,110.37586731279842
0.124,0.876,110.37642422401383,110.37642422401383
0.18099999999999994,0.8190000000000001,110.37680644048598,110.37680644048598
0.123,0.877,110.37738324138765,110.37738324138765
0.18199999999999994,0.8180000000000001,110.37777886896407,110.37777886896407
0.122,0.878,110.37837555955203,110.37837555955203
0.18299999999999994,0.8170000000000001,110.37878459823273,110.37878459823273
0.121,0.879,110.37940117850694,110.37940117850694
0.18399999999999994,0.8160000000000001,110.37982362829194,110.37982362829194
0.12,0.88,110.38046009825241,110.38046009825241
0.18499999999999994,0.8150000000000001,110.3808959591417,110.3808959591417
0.119,0.881,110.38155231878845,110.38155231878845
0.18599999999999994,0.8140000000000001,110.38200159078201,110.38200159078201
0.118,0.882,110.38267784011501,110.38267784011501
0.18699999999999994,0.8130000000000001,110.38314052321287,110.38314052321287
0.11699999999999999,0.883,110.38383666223214,110.38383666223214
0.18799999999999994,0.812,110.38431275643428,110.38431275643428
0.11599999999999999,0.884,110.38502878513982,110.38502878513982
0.18899999999999995,0.811,110.38551829044624,110.38551829044624
0.11499999999999999,0.885,110.38625420883804,110.38625420883804
0.18999999999999995,0.81,110.38675712524876,110.38675712524876
0.11399999999999999,0.886,110.38751293332682,110.38751293332682
0.19099999999999995,0.809,110.38802926084182,110.38802926084182
0.11299999999999999,0.887,110.38880495860614,110.38880495860614
0.19199999999999995,0.808,110.38933469722544,110.38933469722544
0.11199999999999999,0.888,110.39013028467602,110.39013028467602
0.19299999999999995,0.807,110.39067343439959,110.39067343439959
0.11099999999999999,0.889,110.39148891153646,110.39148891153646
0.19399999999999995,0.806,110.39204547236432,110.39204547236432
0.10999999999999999,0.89,110.39288083918743,110.39288083918743
0.19499999999999995,0.805,110.39345081111958,110.39345081111958
0.10899999999999999,0.891,110.39430606762896,110.39430606762896
0.19599999999999995,0.804,110.39488945066539,110.39488945066539
0.10799999999999998,0.892,110.39576459686104,110.39576459686104
0.19699999999999995,0.803,110.39636139100176,110.39636139100176
0.10699999999999998,0.893,110.39725642688367,110.39725642688367
0.19799999999999995,0.802,110.39786663212865,110.39786663212865
0.10599999999999998,0.894,110.39878155769685,110.39878155769685
0.19899999999999995,0.801,110.39940517404614,110.39940517404614
0.10499999999999998,0.895,110.40033998930059,110.40033998930059
0.19999999999999996,0.8,110.40097701675415,110.40097701675415
0.10399999999999998,0.896,110.40193172169487,110.40193172169487
0.20099999999999996,0.799,110.40258216025272,110.40258216025272
0.10299999999999998,0.897,110.4035567548797,110.4035567548797
0.20199999999999996,0.798,110.40422060454183,110.40422060454183
0.10199999999999998,0.898,110.40521508885507,110.40521508885507
0.20299999999999996,0.797,110.40589234962151,110.40589234962151
0.10099999999999998,0.899,110.406906723621,110.406906723621
0.20399999999999996,0.796,110.40759739549173,110.40759739549173
0.09999999999999998,0.9,110.4086316591775,110.4086316591775
0.20499999999999996,0.795,110.40933574215249,110.40933574215249
0.09899999999999998,0.901,110.41038989552453,110.41038989552453
0.20599999999999996,0.794,110.41110738960381,110.41110738960381
0.09799999999999998,0.902,110.41218143266212,110.41218143266212
0.20699999999999996,0.793,110.41291233784567,110.41291233784567
0.09699999999999998,0.903,110.41400627059025,110.41400627059025
0.20799999999999996,0.792,110.4147505868781,110.4147505868781
0.09599999999999997,0.904,110.41586440930894,110.41586440930894
0.20899999999999996,0.791,110.41662213670108,110.41662213670108
0.09499999999999997,0.905,110.41775584881817,110.41775584881817
0.20999999999999996,0.79,110.41852698731459,110.41852698731459
0.09399999999999997,0.906,110.41968058911796,110.41968058911796
0.21099999999999997,0.789,110.42046513871865,110.42046513871865
0.09299999999999997,0.907,110.42163863020829,110.42163863020829
0.21199999999999997,0.788,110.4224365909133,110.4224365909133
0.09199999999999997,0.908,110.42362997208919,110.42362997208919
0.21299999999999997,0.787,110.42444134389847,110.42444134389847
0.09099999999999997,0.909,110.42565461476063,110.42565461476063
0.21399999999999997,0.786,110.4264793976742,110.4264793976742
0.08999999999999997,0.91,110.42771255822262,110.42771255822262
0.21499999999999997,0.785,110.42855075224047,110.42855075224047
0.08899999999999997,0.911,110.42980380247515,110.42980380247515
0.21599999999999997,0.784,110.43065540759729,110.43065540759729
0.08799999999999997,0.912,110.43192834751824,110.43192834751824
0.21699999999999997,0.783,110.43279336374466,110.43279336374466
0.08699999999999997,0.913,110.43408619335187,110.43408619335187
0.21799999999999997,0.782,110.43496462068259,110.43496462068259
0.08599999999999997,0.914,110.43627733997607,110.43627733997607
0.21899999999999997,0.781,110.43716917841107,110.43716917841107
0.08499999999999996,0.915,110.4385017873908,110.4385017873908
0.21999999999999997,0.78,110.43940703693009,110.43940703693009
0.08399999999999996,0.916,110.44075953559611,110.44075953559611
0.22099999999999997,0.779,110.44167819623966,110.44167819623966
0.08299999999999996,0.917,110.44305058459194,110.44305058459194
0.22199999999999998,0.778,110.44398265633978,110.44398265633978
0.08199999999999996,0.918,110.44537493437834,110.44537493437834
0.22299999999999998,0.777,110.44632041723047,110.44632041723047
0.08099999999999996,0.919,110.44773258495529,110.44773258495529
0.22399999999999998,0.776,110.44869147891171,110.44869147891171
0.07999999999999996,0.92,110.45012353632276,110.45012353632276
0.22499999999999998,0.775,110.45109584138349,110.45109584138349
0.07899999999999996,0.921,110.45254778848083,110.45254778848083
0.22599999999999998,0.774,110.45353350464582,110.45353350464582
0.07799999999999996,0.922,110.45500534142941,110.45500534142941
0.22699999999999998,0.773,110.4560044686987,110.4560044686987
0.07699999999999996,0.923,110.45749619516856,110.45749619516856
0.22799999999999998,0.772,110.45850873354212,110.45850873354212
0.07599999999999996,0.924,110.46002034969825,110.46002034969825
0.22899999999999998,0.771,110.46104629917612,110.46104629917612
0.07499999999999996,0.925,110.4625778050185,110.4625778050185
0.22999999999999998,0.77,110.46361716560065,110.46361716560065
0.07399999999999995,0.926,110.4651685611293,110.4651685611293
0.23099999999999998,0.769,110.46622133281573,110.46622133281573
0.07299999999999995,0.927,110.46779261803064,110.46779261803064
0.23199999999999998,0.768,110.46885880082135,110.46885880082135
0.07199999999999995,0.928,110.47044997572254,110.47044997572254
0.23299999999999998,0.767,110.47152956961756,110.47152956961756
0.07099999999999995,0.929,110.473140634205,110.473140634205
0.23399999999999999,0.766,110.47423363920427,110.47423363920427
0.06999999999999995,0.93,110.475864593478,110.475864593478
0.235,0.765,110.47697100958158,110.47697100958158
0.06899999999999995,0.931,110.47862185354153,110.47862185354153
0.236,0.764,110.4797416807494,110.4797416807494
0.06799999999999995,0.932,110.48141241439565,110.48141241439565
0.237,0.763,110.48254565270778,110.48254565270778
0.06699999999999995,0.933,110.48423627604028,110.48423627604028
0.238,0.762,110.48538292545672,110.48538292545672
0.06599999999999995,0.934,110.48709343847548,110.48709343847548
0.239,0.761,110.4882534989962,110.4882534989962
0.06499999999999995,0.935,110.48998390170124,110.48998390170124
0.24,0.76,110.49115737332623,110.49115737332623
0.06399999999999995,0.936,110.49290766571755,110.49290766571755
0.241,0.759,110.49409454844682,110.49409454844682
0.06299999999999994,0.937,110.4958647305244,110.4958647305244
0.242,0.758,110.49706502435797,110.49706502435797
0.061999999999999944,0.9380000000000001,110.4988550961218,110.4988550961218
0.243,0.757,110.50006880105964,110.50006880105964
0.06099999999999994,0.9390000000000001,110.50187876250976,110.50187876250976
0.244,0.756,110.50310587855189,110.50310587855189
0.05999999999999994,0.9400000000000001,110.50493572968827,110.50493572968827
0.245,0.755,110.50617625683468,110.50617625683468
0.05899999999999994,0.9410000000000001,110.50802599765731,110.50802599765731
0.246,0.754,110.50927993590803,110.50927993590803
0.05799999999999994,0.9420000000000001,110.51114956641692,110.51114956641692
0.247,0.753,110.51241691577191,110.51241691577191
0.05699999999999994,0.9430000000000001,110.51430643596707,110.51430643596707
0.248,0.752,110.51558719642635,110.51558719642635
0.05599999999999994,0.9440000000000001,110.51749660630779,110.51749660630779
0.249,0.751,110.51879077787135,110.51879077787135
0.05499999999999994,0.9450000000000001,110.52072007743905,110.52072007743905
0.25,0.75,110.52202766010689,110.52202766010689
0.05399999999999994,0.9460000000000001,110.52397684936085,110.52397684936085
0.251,0.749,110.52529784313298,110.52529784313298
0.052999999999999936,0.9470000000000001,110.5272669220732,110.5272669220732
0.252,0.748,110.52860132694963,110.52860132694963
0.051999999999999935,0.9480000000000001,110.5305902955761,110.5305902955761
0.253,0.747,110.53193811155683,110.53193811155683
0.050999999999999934,0.9490000000000001,110.53394696986958,110.53394696986958
0.254,0.746,110.53530819695457,110.53530819695457
0.04999999999999993,0.9500000000000001,110.53733694495358,110.53733694495358
0.255,0.745,110.53871158314287,110.53871158314287
0.04899999999999993,0.9510000000000001,110.54076022082815,110.54076022082815
0.256,0.744,110.5421482701217,110.5421482701217
0.04799999999999993,0.9520000000000001,110.54421679749323,110.54421679749323
0.257,0.743,110.5456182578911,110.5456182578911
0.04699999999999993,0.9530000000000001,110.54770667494891,110.54770667494891
0.258,0.742,110.54912154645105,110.54912154645105
0.04599999999999993,0.9540000000000001,110.55122985319512,110.55122985319512
0.259,0.741,110.55265813580155,110.55265813580155
0.04499999999999993,0.9550000000000001,110.55478633223188,110.55478633223188
0.26,0.74,110.55622802594259,110.55622802594259
0.04399999999999993,0.9560000000000001,110.55837611205921,110.55837611205921
0.261,0.739,110.5598312168742,110.5598312168742
0.04299999999999993,0.9570000000000001,110.56199919267705,110.56199919267705
0.262,0.738,110.56346770859635,110.56346770859635
0.041999999999999926,0.9580000000000001,110.56565557408547,110.56565557408547
0.263,0.737,110.56713750110904,110.56713750110904
0.040999999999999925,0.9590000000000001,110.56934525628444,110.56934525628444
0.264,0.736,110.57084059441227,110.57084059441227
0.040000000000000036,0.96,110.57306823927395,110.57306823927395
0.265,0.735,110.5745769885061,110.5745769885061
0.039000000000000035,0.961,110.57682452305401,110.57682452305401
0.266,0.734,110.57834668339044,110.57834668339044
0.038000000000000034,0.962,110.58061410762464,110.58061410762464
0.267,0.733,110.58214967906535,110.58214967906535
0.03700000000000003,0.963,110.5844369929858,110.5844369929858
0.268,0.732,110.58598597553079,110.58598597553079
0.03600000000000003,0.964,110.58829317913752,110.58829317913752
0.269,0.731,110.58985557278677,110.58985557278677
0.03500000000000003,0.965,110.59218266607978,110.59218266607978
0.27,0.73,110.59375847083335,110.59375847083335
0.03400000000000003,0.966,110.5961054538126,110.5961054538126
0.271,0.729,110.59769466967046,110.59769466967046
0.03300000000000003,0.967,110.60006154233596,110.60006154233596
0.272,0.728,110.6016641692981,110.6016641692981
0.03200000000000003,0.968,110.60405093164988,110.60405093164988
0.273,0.727,110.60566696971631,110.60566696971631
0.031000000000000028,0.969,110.60807362175434,110.60807362175434
0.274,0.726,110.60970307092506,110.60970307092506
0.030000000000000027,0.97,110.61212961264937,110.61212961264937
0.275,0.725,110.61377247292437,110.61377247292437
0.029000000000000026,0.971,110.61621890433494,110.61621890433494
0.276,0.724,110.61787517571422,110.61787517571422
0.028000000000000025,0.972,110.62034149681106,110.62034149681106
0.277,0.723,110.62201117929463,110.62201117929463
0.027000000000000024,0.973,110.62449739007774,110.62449739007774
0.278,0.722,110.6261804836656,110.6261804836656
0.026000000000000023,0.974,110.62868658413495,110.62868658413495
0.279,0.721,110.63038308882709,110.63038308882709
0.025000000000000022,0.975,110.63290907898272,110.63290907898272
0.28,0.72,110.63461899477916,110.63461899477916
0.02400000000000002,0.976,110.63716487462104,110.63716487462104
0.281,0.719,110.63888820152177,110.63888820152177
0.02300000000000002,0.977,110.64145397104993,110.64145397104993
0.28200000000000003,0.718,110.6431907090549,110.6431907090549
0.02200000000000002,0.978,110.64577636826935,110.64577636826935
0.28300000000000003,0.717,110.64752651737862,110.64752651737862
0.02100000000000002,0.979,110.65013206627931,110.65013206627931
0.28400000000000003,0.716,110.65189562649289,110.65189562649289
0.020000000000000018,0.98,110.65452106507985,110.65452106507985
0.28500000000000003,0.715,110.65629803639769,110.65629803639769
0.019000000000000017,0.981,110.65894336467092,110.65894336467092
0.28600000000000003,0.714,110.66073374709306,110.66073374709306
0.018000000000000016,0.982,110.66339896505254,110.66339896505254
0.28700000000000003,0.713,110.66520275857896,110.66520275857896
0.017000000000000015,0.983,110.66788786622472,110.66788786622472
0.28800000000000003,0.712,110.66970507085543,110.66970507085543
0.016000000000000014,0.984,110.67241006818745,110.67241006818745
0.28900000000000003,0.711,110.67424068392243,110.67424068392243
0.015000000000000013,0.985,110.67696557094072,110.67696557094072
0.29000000000000004,0.71,110.67880959778,110.67880959778
0.014000000000000012,0.986,110.68155437448455,110.68155437448455
0.29100000000000004,0.709,110.68341181242812,110.68341181242812
0.013000000000000012,0.987,110.68617647881894,110.68617647881894
0.29200000000000004,0.708,110.68804732786678,110.68804732786678
0.01200000000000001,0.988,110.69083188394386,110.69083188394386
0.29300000000000004,0.707,110.692716144096,110.692716144096
0.01100000000000001,0.989,110.69552058985933,110.69552058985933
0.29400000000000004,0.706,110.69741826111576,110.69741826111576
0.010000000000000009,0.99,110.70024259656536,110.70024259656536
0.29500000000000004,0.705,110.70215367892608,110.70215367892608
0.009000000000000008,0.991,110.70499790406195,110.70499790406195
0.29600000000000004,0.704,110.70692239752694,110.70692239752694
0.008000000000000007,0.992,110.7097865123491,110.7097865123491
0.29699999999999993,0.7030000000000001,110.71172441691837,110.71172441691837
0.007000000000000006,0.993,110.71460842142675,110.71460842142675
0.29799999999999993,0.7020000000000001,110.71655973710033,110.71655973710033
0.006000000000000005,0.994,110.71946363129499,110.71946363129499
0.29899999999999993,0.7010000000000001,110.72142835807284,110.72142835807284
0.0050000000000000044,0.995,110.72435214195377,110.72435214195377
0.29999999999999993,0.7000000000000001,110.7263302798359,110.7263302798359
0.0040000000000000036,0.996,110.72927395340311,110.72927395340311
0.30099999999999993,0.6990000000000001,110.73126550238952,110.73126550238952
0.0030000000000000027,0.997,110.73422906564298,110.73422906564298
0.30199999999999994,0.6980000000000001,110.7362340257337,110.7362340257337
0.0020000000000000018,0.998,110.73921747867342,110.73921747867342
0.30299999999999994,0.6970000000000001,110.74123584986842,110.74123584986842
0.0010000000000000009,0.999,110.7442391924944,110.7442391924944
0.30399999999999994,0.6960000000000001,110.7462709747937,110.7462709747937
0.0,1.0,110.74929420710593,110.74929420710593
0.30499999999999994,0.6950000000000001,110.7513394005095,110.7513394005095
0.30599999999999994,0.6940000000000001,110.75644112701588,110.75644112701588
0.30699999999999994,0.6930000000000001,110.76157615431279,110.76157615431279
0.30799999999999994,0.6920000000000001,110.76674448240026,110.76674448240026
0.30899999999999994,0.6910000000000001,110.7719461112783,110.7719461112783
0.30999999999999994,0.6900000000000001,110.77718104094686,110.77718104094686
0.31099999999999994,0.6890000000000001,110.78244927140598,110.78244927140598
0.31199999999999994,0.6880000000000001,110.78775080265567,110.78775080265567
0.31299999999999994,0.687,110.7930856346959,110.7930856346959
0.31399999999999995,0.686,110.79845376752667,110.79845376752667
0.31499999999999995,0.685,110.803855201148,110.803855201148
0.31599999999999995,0.684,110.80928993555987,110.80928993555987
0.31699999999999995,0.683,110.81475797076229,110.81475797076229
0.31799999999999995,0.682,110.82025930675528,110.82025930675528
0.31899999999999995,0.681,110.8257939435388,110.8257939435388
0.31999999999999995,0.68,110.83136188111287,110.83136188111287
0.32099999999999995,0.679,110.83696311947749,110.83696311947749
0.32199999999999995,0.678,110.84259765863267,110.84259765863267
0.32299999999999995,0.677,110.84826549857841,110.84826549857841
0.32399999999999995,0.676,110.85396663931469,110.85396663931469
0.32499999999999996,0.675,110.85970108084152,110.85970108084152
0.32599999999999996,0.674,110.8654688231589,110.8654688231589
0.32699999999999996,0.673,110.87126986626683,110.87126986626683
0.32799999999999996,0.672,110.87710421016531,110.87710421016531
0.32899999999999996,0.671,110.88297185485435,110.88297185485435
0.32999999999999996,0.67,110.88887280033393,110.88887280033393
0.33099999999999996,0.669,110.89480704660406,110.89480704660406
0.33199999999999996,0.668,110.90077459366475,110.90077459366475
0.33299999999999996,0.667,110.906775441516,110.906775441516
0.33399999999999996,0.666,110.91280959015778,110.91280959015778
0.33499999999999996,0.665,110.9188770395901,110.9188770395901
0.33599999999999997,0.664,110.924977789813,110.924977789813
0.33699999999999997,0.663,110.93111184082642,110.93111184082642
0.33799999999999997,0.662,110.9372791926304,110.9372791926304
0.33899999999999997,0.661,110.94347984522496,110.94347984522496
0.33999999999999997,0.66,110.94971379861003,110.94971379861003
0.34099999999999997,0.659,110.95598105278567,110.95598105278567
0.34199999999999997,0.658,110.96228160775188,110.96228160775188
0.34299999999999997,0.657,110.96861546350861,110.96861546350861
0.344,0.656,110.9749826200559,110.9749826200559
0.345,0.655,110.98138307739374,110.98138307739374
0.346,0.654,110.98781683552214,110.98781683552214
0.347,0.653,110.99428389444108,110.99428389444108
0.348,0.652,111.00078425415056,111.00078425415056
0.349,0.651,111.00731791465061,111.00731791465061
0.35,0.65,111.01388487594122,111.01388487594122
0.351,0.649,111.02048513802235,111.02048513802235
0.352,0.648,111.02711870089404,111.02711870089404
0.353,0.647,111.03378556455628,111.03378556455628
0.354,0.646,111.04048572900908,111.04048572900908
0.355,0.645,111.04721919425242,111.04721919425242
0.356,0.644,111.05398596028633,111.05398596028633
0.357,0.643,111.06078602711077,111.06078602711077
0.358,0.642,111.06761939472575,111.06761939472575
0.359,0.641,111.07448606313132,111.07448606313132
0.36,0.64,111.08138603232742,111.08138603232742
0.361,0.639,111.08831930231406,111.08831930231406
0.362,0.638,111.09528587309127,111.09528587309127
0.363,0.637,111.102285744659,111.102285744659
0.364,0.636,111.10931891701729,111.10931891701729
0.365,0.635,111.11638539016616,111.11638539016616
0.366,0.634,111.12348516410557,111.12348516410557
0.367,0.633,111.13061823883552,111.13061823883552
0.368,0.632,111.13778461435602,111.13778461435602
0.369,0.631,111.14498429066707,111.14498429066707
0.37,0.63,111.15221726776868,111.15221726776868
0.371,0.629,111.15948354566083,111.15948354566083
0.372,0.628,111.16678312434354,111.16678312434354
0.373,0.627,111.17411600381679,111.17411600381679
0.374,0.626,111.1814821840806,111.1814821840806
0.375,0.625,111.18888166513494,111.18888166513494
0.376,0.624,111.19631444697987,111.19631444697987
0.377,0.623,111.2037805296153,111.2037805296153
0.378,0.622,111.21127991304131,111.21127991304131
0.379,0.621,111.2188125972579,111.2188125972579
0.38,0.62,111.22637858226499,111.22637858226499
0.381,0.619,111.23397786806264,111.23397786806264
0.382,0.618,111.24161045465087,111.24161045465087
0.383,0.617,111.24927634202962,111.24927634202962
0.384,0.616,111.25697553019893,111.25697553019893
0.385,0.615,111.2647080191588,111.2647080191588
0.386,0.614,111.2724738089092,111.2724738089092
0.387,0.613,111.28027289945015,111.28027289945015
0.388,0.612,111.28810529078169,111.28810529078169
0.389,0.611,111.29597098290374,111.29597098290374
0.39,0.61,111.30386997581634,111.30386997581634
0.391,0.609,111.31180226951952,111.31180226951952
0.392,0.608,111.31976786401323,111.31976786401323
0.393,0.607,111.3277667592975,111.3277667592975
0.394,0.606,111.33579895537231,111.33579895537231
0.395,0.605,111.34386445223768,111.34386445223768
0.396,0.604,111.35196324989359,111.35196324989359
0.397,0.603,111.36009534834007,111.36009534834007
0.398,0.602,111.36826074757708,111.36826074757708
0.399,0.601,111.37645944760466,111.37645944760466
0.4,0.6,111.38469144842277,111.38469144842277
0.401,0.599,111.39295675003144,111.39295675003144
0.402,0.598,111.40125535243065,111.40125535243065
0.403,0.597,111.40958725562042,111.40958725562042
0.404,0.596,111.41795245960074,111.41795245960074
0.405,0.595,111.42635096437161,111.42635096437161
0.406,0.594,111.43478276993305,111.43478276993305
0.40700000000000003,0.593,111.44324787628503,111.44324787628503
0.40800000000000003,0.592,111.45174628342754,111.45174628342754
0.40900000000000003,0.591,111.46027799136061,111.46027799136061
0.41000000000000003,0.59,111.46884300008423,111.46884300008423
0.41100000000000003,0.589,111.47744130959842,111.47744130959842
0.41200000000000003,0.588,111.48607291990314,111.48607291990314
0.41300000000000003,0.587,111.49473783099842,111.49473783099842
0.41400000000000003,0.586,111.50343604288423,111.50343604288423
0.41500000000000004,0.585,111.51216755556061,111.51216755556061
0.41600000000000004,0.584,111.52093236902755,111.52093236902755
0.41700000000000004,0.583,111.52973048328501,111.52973048328501
0.41800000000000004,0.582,111.53856189833304,111.53856189833304
0.41900000000000004,0.581,111.54742661417164,111.54742661417164
0.42000000000000004,0.58,111.55632463080075,111.55632463080075
0.42100000000000004,0.579,111.56525594822043,111.56525594822043
0.42200000000000004,0.578,111.57422056643067,111.57422056643067
0.42300000000000004,0.577,111.58321848543144,111.58321848543144
0.42399999999999993,0.5760000000000001,111.59224970522277,111.59224970522277
0.42499999999999993,0.5750000000000001,111.60131422580464,111.60131422580464
0.42599999999999993,0.5740000000000001,111.61041204717709,111.61041204717709
0.42699999999999994,0.5730000000000001,111.61954316934008,111.61954316934008
0.42799999999999994,0.5720000000000001,111.62870759229361,111.62870759229361
0.42899999999999994,0.5710000000000001,111.63790531603769,111.63790531603769
0.42999999999999994,0.5700000000000001,111.64713634057232,111.64713634057232
0.43099999999999994,0.5690000000000001,111.65640066589751,111.65640066589751
0.43199999999999994,0.5680000000000001,111.66569829201325,111.66569829201325
0.43299999999999994,0.5670000000000001,111.67502921891953,111.67502921891953
0.43399999999999994,0.5660000000000001,111.68439344661635,111.68439344661635
0.43499999999999994,0.5650000000000001,111.69379097510374,111.69379097510374
0.43599999999999994,0.5640000000000001,111.70322180438168,111.70322180438168
0.43699999999999994,0.5630000000000001,111.71268593445018,111.71268593445018
0.43799999999999994,0.562,111.72218336530922,111.72218336530922
0.43899999999999995,0.561,111.73171409695881,111.73171409695881
0.43999999999999995,0.56,111.74127812939894,111.74127812939894
0.44099999999999995,0.559,111.75087546262962,111.75087546262962
0.44199999999999995,0.558,111.76050609665087,111.76050609665087
0.44299999999999995,0.557,111.77017003146265,111.77017003146265
0.44399999999999995,0.556,111.779867267065,111.779867267065
0.44499999999999995,0.555,111.7895978034579,111.7895978034579
0.44599999999999995,0.554,111.79936164064134,111.79936164064134
0.44699999999999995,0.553,111.80915877861533,111.80915877861533
0.44799999999999995,0.552,111.81898921737987,111.81898921737987
0.44899999999999995,0.551,111.82885295693495,111.82885295693495
0.44999999999999996,0.55,111.83874999728062,111.83874999728062
0.45099999999999996,0.549,111.8486803384168,111.8486803384168
0.45199999999999996,0.548,111.85864398034354,111.85864398034354
0.45299999999999996,0.547,111.86864092306084,111.86864092306084
0.45399999999999996,0.546,111.8786711665687,111.8786711665687
0.45499999999999996,0.545,111.88873471086708,111.88873471086708
0.45599999999999996,0.544,111.89883155595602,111.89883155595602
0.45699999999999996,0.543,111.90896170183552,111.90896170183552
0.45799999999999996,0.542,111.91912514850559,111.91912514850559
0.45899999999999996,0.541,111.92932189596618,111.92932189596618
0.45999999999999996,0.54,111.93955194421734,111.93955194421734
0.46099999999999997,0.539,111.94981529325904,111.94981529325904
0.46199999999999997,0.538,111.96011194309128,111.96011194309128
0.46299999999999997,0.537,111.9704418937141,111.9704418937141
0.46399999999999997,0.536,111.98080514512743,111.98080514512743
0.46499999999999997,0.535,111.99120169733133,111.99120169733133
0.46599999999999997,0.534,112.0016315503258,112.0016315503258
0.46699999999999997,0.533,112.01209470411078,112.01209470411078
0.46799999999999997,0.532,112.02259115868634,112.02259115868634
0.469,0.531,112.03312091405245,112.03312091405245
0.47,0.53,112.0436839702091,112.0436839702091
0.471,0.529,112.0542803271563,112.0542803271563
0.472,0.528,112.06490998489407,112.06490998489407
0.473,0.527,112.07557294342237,112.07557294342237
0.474,0.526,112.08626920274124,112.08626920274124
0.475,0.525,112.09699876285065,112.09699876285065
0.476,0.524,112.10776162375058,112.10776162375058
0.477,0.523,112.1185577854411,112.1185577854411
0.478,0.522,112.12938724792217,112.12938724792217
0.479,0.521,112.14025001119377,112.14025001119377
0.48,0.52,112.15114607525594,112.15114607525594
0.481,0.519,112.16207544010864,112.16207544010864
0.482,0.518,112.17303810575191,112.17303810575191
0.483,0.517,112.18403407218571,112.18403407218571
0.484,0.516,112.19506333941007,112.19506333941007
0.485,0.515,112.20612590742498,112.20612590742498
0.486,0.514,112.21722177623045,112.21722177623045
0.487,0.513,112.22835094582646,112.22835094582646
0.488,0.512,112.23951341621303,112.23951341621303
0.489,0.511,112.25070918739014,112.25070918739014
0.49,0.51,112.2619382593578,112.2619382593578
0.491,0.509,112.27320063211602,112.27320063211602
0.492,0.508,112.28449630566477,112.28449630566477
0.493,0.507,112.29582528000411,112.29582528000411
0.494,0.506,112.30718755513396,112.30718755513396
0.495,0.505,112.3185831310544,112.3185831310544
0.496,0.504,112.33001200776535,112.33001200776535
0.497,0.503,112.34147418526686,112.34147418526686
0.498,0.502,112.35296966355894,112.35296966355894
0.499,0.501,112.36449844264155,112.36449844264155
0.5,0.5,112.37606052251473,112.37606052251473
0.501,0.499,112.38765590317844,112.38765590317844
0.502,0.498,112.39928458463272,112.39928458463272
0.503,0.497,112.41094656687754,112.41094656687754
0.504,0.496,112.4226418499129,112.4226418499129
0.505,0.495,112.43437043373883,112.43437043373883
0.506,0.494,112.44613231835531,112.44613231835531
0.507,0.493,112.45792750376233,112.45792750376233
0.508,0.492,112.4697559899599,112.4697559899599
0.509,0.491,112.48161777694804,112.48161777694804
0.51,0.49,112.4935128647267,112.4935128647267
0.511,0.489,112.50544125329593,112.50544125329593
0.512,0.488,112.5174029426557,112.5174029426557
0.513,0.487,112.52939793280603,112.52939793280603
0.514,0.486,112.54142622374691,112.54142622374691
0.515,0.485,112.55348781547833,112.55348781547833
0.516,0.484,112.56558270800032,112.56558270800032
0.517,0.483,112.57771090131284,112.57771090131284
0.518,0.482,112.58987239541592,112.58987239541592
0.519,0.481,112.60206719030955,112.60206719030955
0.52,0.48,112.61429528599373,112.61429528599373
0.5209999999999999,0.47900000000000004,112.62655668246848,112.62655668246848
0.522,0.47800000000000004,112.63885137973375,112.63885137973375
0.5229999999999999,0.47700000000000004,112.65117937778957,112.65117937778957
0.524,0.47600000000000003,112.66354067663595,112.66354067663595
0.5249999999999999,0.47500000000000003,112.6759352762729,112.6759352762729
0.526,0.47400000000000003,112.68836317670038,112.68836317670038
0.5269999999999999,0.47300000000000003,112.70082437791841,112.70082437791841
0.528,0.47200000000000003,112.71331887992699,112.71331887992699
0.5289999999999999,0.47100000000000003,112.72584668272613,112.72584668272613
0.53,0.47000000000000003,112.7384077863158,112.7384077863158
0.5309999999999999,0.46900000000000003,112.75100219069604,112.75100219069604
0.532,0.468,112.76362989586683,112.76362989586683
0.5329999999999999,0.467,112.77629090182818,112.77629090182818
0.534,0.466,112.78898520858006,112.78898520858006
0.5349999999999999,0.465,112.8017128161225,112.8017128161225
0.536,0.464,112.81447372445547,112.81447372445547
0.5369999999999999,0.463,112.82726793357901,112.82726793357901
0.538,0.462,112.84009544349311,112.84009544349311
0.5389999999999999,0.461,112.85295625419776,112.85295625419776
0.54,0.46,112.86585036569294,112.86585036569294
0.5409999999999999,0.459,112.87877777797868,112.87877777797868
0.542,0.458,112.89173849105497,112.89173849105497
0.5429999999999999,0.457,112.90473250492181,112.90473250492181
0.544,0.456,112.9177598195792,112.9177598195792
0.5449999999999999,0.455,112.93082043502714,112.93082043502714
0.546,0.454,112.94391435126563,112.94391435126563
0.5469999999999999,0.453,112.95704156829468,112.95704156829468
0.548,0.452,112.97020208611428,112.97020208611428
0.5489999999999999,0.451,112.98339590472443,112.98339590472443
0.55,0.45,112.99662302412513,112.99662302412513
0.5509999999999999,0.449,113.00988344431637,113.00988344431637
0.552,0.448,113.02317716529816,113.02317716529816
0.5529999999999999,0.447,113.03650418707052,113.03650418707052
0.554,0.446,113.04986450963341,113.04986450963341
0.5549999999999999,0.445,113.06325813298686,113.06325813298686
0.556,0.444,113.07668505713086,113.07668505713086
0.5569999999999999,0.443,113.09014528206541,113.09014528206541
0.558,0.442,113.10363880779049,113.10363880779049
0.5589999999999999,0.441,113.11716563430616,113.11716563430616
0.56,0.44,113.13072576161235,113.13072576161235
0.5609999999999999,0.439,113.14431918970911,113.14431918970911
0.562,0.438,113.1579459185964,113.1579459185964
0.563,0.437,113.17160594827425,113.17160594827425
0.5640000000000001,0.436,113.18529927874265,113.18529927874265
0.565,0.435,113.19902591000161,113.19902591000161
0.5660000000000001,0.434,113.21278584205112,113.21278584205112
0.567,0.433,113.22657907489118,113.22657907489118
0.5680000000000001,0.432,113.24040560852178,113.24040560852178
0.569,0.431,113.25426544294295,113.25426544294295
0.5700000000000001,0.43,113.26815857815464,113.26815857815464
0.571,0.429,113.28208501415689,113.28208501415689
0.5720000000000001,0.428,113.29604475094969,113.29604475094969
0.573,0.427,113.31003778853305,113.31003778853305
0.5740000000000001,0.426,113.32406412690696,113.32406412690696
0.575,0.425,113.33812376607142,113.33812376607142
0.5760000000000001,0.424,113.35221670602643,113.35221670602643
0.577,0.423,113.36634294677198,113.36634294677198
0.5780000000000001,0.422,113.3805024883081,113.3805024883081
0.579,0.421,113.39469533063476,113.39469533063476
0.5800000000000001,0.42,113.40892147375196,113.40892147375196
0.581,0.419,113.42318091765972,113.42318091765972
0.5820000000000001,0.418,113.43747366235803,113.43747366235803
0.583,0.417,113.45179970784692,113.45179970784692
0.584,0.41600000000000004,113.46615905412631,113.46615905412631
0.585,0.41500000000000004,113.48055170119628,113.48055170119628
0.586,0.41400000000000003,113.49497764905679,113.49497764905679
0.587,0.41300000000000003,113.50943689770787,113.50943689770787
0.588,0.41200000000000003,113.52392944714947,113.52392944714947
0.589,0.41100000000000003,113.53845529738163,113.53845529738163
0.59,0.41000000000000003,113.55301444840435,113.55301444840435
0.591,0.40900000000000003,113.56760690021761,113.56760690021761
0.592,0.40800000000000003,113.58223265282143,113.58223265282143
0.593,0.40700000000000003,113.5968917062158,113.5968917062158
0.594,0.406,113.61158406040072,113.61158406040072
0.595,0.405,113.6263097153762,113.6263097153762
0.596,0.404,113.64106867114221,113.64106867114221
0.597,0.403,113.65586092769877,113.65586092769877
0.598,0.402,113.67068648504589,113.67068648504589
0.599,0.401,113.68554534318356,113.68554534318356
0.6,0.4,113.70043750211178,113.70043750211178
0.601,0.399,113.71536296183056,113.71536296183056
0.602,0.398,113.73032172233988,113.73032172233988
0.603,0.397,113.74531378363976,113.74531378363976
0.604,0.396,113.76033914573019,113.76033914573019
0.605,0.395,113.77539780861115,113.77539780861115
0.606,0.394,113.79048977228268,113.79048977228268
0.607,0.393,113.80561503674474,113.80561503674474
0.608,0.392,113.82077360199739,113.82077360199739
0.609,0.391,113.83596546804056,113.83596546804056
0.61,0.39,113.85119063487429,113.85119063487429
0.611,0.389,113.86644910249855,113.86644910249855
0.612,0.388,113.88174087091338,113.88174087091338
0.613,0.387,113.89706594011876,113.89706594011876
0.614,0.386,113.91242431011467,113.91242431011467
0.615,0.385,113.92781598090117,113.92781598090117
0.616,0.384,113.94324095247818,113.94324095247818
0.617,0.383,113.95869922484577,113.95869922484577
0.618,0.382,113.9741907980039,113.9741907980039
0.619,0.381,113.98971567195258,113.98971567195258
0.62,0.38,114.00527384669182,114.00527384669182
0.621,0.379,114.0208653222216,114.0208653222216
0.622,0.378,114.03649009854193,114.03649009854193
0.623,0.377,114.0521481756528,114.0521481756528
0.624,0.376,114.06783955355424,114.06783955355424
0.625,0.375,114.08356423224623,114.08356423224623
0.626,0.374,114.09932221172875,114.09932221172875
0.627,0.373,114.11511349200184,114.11511349200184
0.628,0.372,114.13093807306548,114.13093807306548
0.629,0.371,114.14679595491967,114.14679595491967
0.63,0.37,114.16268713756439,114.16268713756439
0.631,0.369,114.17861162099969,114.17861162099969
0.632,0.368,114.19456940522552,114.19456940522552
0.633,0.367,114.21056049024192,114.21056049024192
0.634,0.366,114.22658487604886,114.22658487604886
0.635,0.365,114.24264256264634,114.24264256264634
0.636,0.364,114.25873355003438,114.25873355003438
0.637,0.363,114.27485783821298,114.27485783821298
0.638,0.362,114.2910154271821,114.2910154271821
0.639,0.361,114.3072063169418,114.3072063169418
0.64,0.36,114.32343050749203,114.32343050749203
0.641,0.359,114.33968799883283,114.33968799883283
0.642,0.358,114.35597879096417,114.35597879096417
0.643,0.357,114.37230288388606,114.37230288388606
0.644,0.356,114.38866027759852,114.38866027759852
0.645,0.355,114.4050509721015,114.4050509721015
0.646,0.354,114.42147496739506,114.42147496739506
0.647,0.353,114.43793226347914,114.43793226347914
0.648,0.352,114.4544228603538,114.4544228603538
0.649,0.35100000000000003,114.47094675801897,114.47094675801897
0.6499999999999999,0.35000000000000003,114.48750395647473,114.48750395647473
0.651,0.34900000000000003,114.50409445572102,114.50409445572102
0.6519999999999999,0.34800000000000003,114.52071825575787,114.52071825575787
0.653,0.34700000000000003,114.53737535658527,114.53737535658527
0.6539999999999999,0.34600000000000003,114.55406575820324,114.55406575820324
0.655,0.34500000000000003,114.57078946061172,114.57078946061172
0.6559999999999999,0.34400000000000003,114.58754646381078,114.58754646381078
0.657,0.343,114.60433676780038,114.60433676780038
0.6579999999999999,0.342,114.62116037258052,114.62116037258052
0.659,0.341,114.63801727815122,114.63801727815122
0.6599999999999999,0.34,114.65490748451248,114.65490748451248
0.661,0.339,114.67183099166427,114.67183099166427
0.6619999999999999,0.338,114.68878779960663,114.68878779960663
0.663,0.337,114.70577790833953,114.70577790833953
0.6639999999999999,0.336,114.72280131786297,114.72280131786297
0.665,0.335,114.73985802817698,114.73985802817698
0.6659999999999999,0.334,114.75694803928154,114.75694803928154
0.667,0.333,114.77407135117664,114.77407135117664
0.6679999999999999,0.332,114.79122796386231,114.79122796386231
0.669,0.331,114.80841787733851,114.80841787733851
0.6699999999999999,0.33,114.82564109160526,114.82564109160526
0.671,0.329,114.84289760666259,114.84289760666259
0.6719999999999999,0.328,114.86018742251044,114.86018742251044
0.673,0.327,114.87751053914884,114.87751053914884
0.6739999999999999,0.326,114.89486695657779,114.89486695657779
0.675,0.325,114.9122566747973,114.9122566747973
0.6759999999999999,0.324,114.92967969380737,114.92967969380737
0.677,0.323,114.94713601360797,114.94713601360797
0.6779999999999999,0.322,114.96462563419914,114.96462563419914
0.679,0.321,114.98214855558085,114.98214855558085
0.6799999999999999,0.32,114.99970477775311,114.99970477775311
0.681,0.319,115.01729430071592,115.01729430071592
0.6819999999999999,0.318,115.03491712446929,115.03491712446929
0.683,0.317,115.0525732490132,115.0525732490132
0.6839999999999999,0.316,115.07026267434767,115.07026267434767
0.685,0.315,115.08798540047268,115.08798540047268
0.6859999999999999,0.314,115.10574142738825,115.10574142738825
0.687,0.313,115.12353075509435,115.12353075509435
0.688,0.312,115.14135338359102,115.14135338359102
0.6890000000000001,0.311,115.15920931287823,115.15920931287823
0.69,0.31,115.17709854295602,115.17709854295602
0.6910000000000001,0.309,115.19502107382431,115.19502107382431
0.692,0.308,115.21297690548319,115.21297690548319
0.6930000000000001,0.307,115.23096603793262,115.23096603793262
0.694,0.306,115.2489884711726,115.2489884711726
0.6950000000000001,0.305,115.26704420520309,115.26704420520309
0.696,0.304,115.28513324002418,115.28513324002418
0.6970000000000001,0.303,115.30325557563577,115.30325557563577
0.698,0.302,115.32141121203794,115.32141121203794
0.6990000000000001,0.301,115.33960014923066,115.33960014923066
0.7,0.3,115.35782238721396,115.35782238721396
0.7010000000000001,0.299,115.37607792598777,115.37607792598777
0.702,0.298,115.39436676555216,115.39436676555216
0.7030000000000001,0.297,115.41268890590706,115.41268890590706
0.704,0.296,115.43104434705255,115.43104434705255
0.7050000000000001,0.295,115.44943308898857,115.44943308898857
0.706,0.294,115.46785513171514,115.46785513171514
0.7070000000000001,0.293,115.48631047523227,115.48631047523227
0.708,0.292,115.50479911953994,115.50479911953994
0.7090000000000001,0.291,115.52332106463817,115.52332106463817
0.71,0.29,115.54187631052694,115.54187631052694
0.7110000000000001,0.289,115.56046485720627,115.56046485720627
0.712,0.28800000000000003,115.57908670467614,115.57908670467614
0.713,0.28700000000000003,115.59774185293658,115.59774185293658
0.714,0.28600000000000003,115.61643030198755,115.61643030198755
0.715,0.28500000000000003,115.6351520518291,115.6351520518291
0.716,0.28400000000000003,115.65390710246116,115.65390710246116
0.717,0.28300000000000003,115.6726954538838,115.6726954538838
0.718,0.28200000000000003,115.69151710609697,115.69151710609697
0.719,0.281,115.71037205910072,115.71037205910072
0.72,0.28,115.72926031289501,115.72926031289501
0.721,0.279,115.74818186747981,115.74818186747981
0.722,0.278,115.76713672285521,115.76713672285521
0.723,0.277,115.78612487902113,115.78612487902113
0.724,0.276,115.80514633597761,115.80514633597761
0.725,0.275,115.82420109372468,115.82420109372468
0.726,0.274,115.84328915226223,115.84328915226223
0.727,0.273,115.86241051159038,115.86241051159038
0.728,0.272,115.88156517170907,115.88156517170907
0.729,0.271,115.90075313261829,115.90075313261829
0.73,0.27,115.91997439431809,115.91997439431809
0.731,0.269,115.93922895680842,115.93922895680842
0.732,0.268,115.95851682008932,115.95851682008932
0.733,0.267,115.97783798416076,115.97783798416076
0.734,0.266,115.99719244902273,115.99719244902273
0.735,0.265,116.01658021467527,116.01658021467527
0.736,0.264,116.03600128111839,116.03600128111839
0.737,0.263,116.05545564835202,116.05545564835202
0.738,0.262,116.07494331637619,116.07494331637619
0.739,0.261,116.09446428519095,116.09446428519095
0.74,0.26,116.11401855479623,116.11401855479623
0.741,0.259,116.13360612519209,116.13360612519209
0.742,0.258,116.15322699637846,116.15322699637846
0.743,0.257,116.17288116835542,116.17288116835542
0.744,0.256,116.19256864112293,116.19256864112293
0.745,0.255,116.21228941468098,116.21228941468098
0.746,0.254,116.23204348902955,116.23204348902955
0.747,0.253,116.2518308641687,116.2518308641687
0.748,0.252,116.27165154009842,116.27165154009842
0.749,0.251,116.29150551681863,116.29150551681863
0.75,0.25,116.31139279432945,116.31139279432945
0.751,0.249,116.3313133726308,116.3313133726308
0.752,0.248,116.35126725172269,116.35126725172269
0.753,0.247,116.37125443160515,116.37125443160515
0.754,0.246,116.39127491227813,116.39127491227813
0.755,0.245,116.41132869374167,116.41132869374167
0.756,0.244,116.43141577599577,116.43141577599577
0.757,0.243,116.45153615904043,116.45153615904043
0.758,0.242,116.47168984287563,116.47168984287563
0.759,0.241,116.49187682750139,116.49187682750139
0.76,0.24,116.51209711291769,116.51209711291769
0.761,0.23900000000000002,116.53235069912454,116.53235069912454
0.762,0.23800000000000002,116.55263758612196,116.55263758612196
0.763,0.23700000000000002,116.5729577739099,116.5729577739099
0.764,0.23600000000000002,116.5933112624884,116.5933112624884
0.765,0.23500000000000001,116.61369805185747,116.61369805185747
0.766,0.234,116.63411814201706,116.63411814201706
0.767,0.233,116.6545715329672,116.6545715329672
0.768,0.232,116.67505822470794,116.67505822470794
0.769,0.231,116.6955782172392,116.6955782172392
0.77,0.23,116.71613151056101,116.71613151056101
0.771,0.229,116.73671810467337,116.73671810467337
0.772,0.228,116.75733799957627,116.75733799957627
0.773,0.227,116.77799119526972,116.77799119526972
0.774,0.226,116.79867769175372,116.79867769175372
0.775,0.225,116.81939748902828,116.81939748902828
0.776,0.224,116.8401505870934,116.8401505870934
0.777,0.223,116.86093698594905,116.86093698594905
0.778,0.222,116.88175668559528,116.88175668559528
0.779,0.221,116.90260968603205,116.90260968603205
0.78,0.22,116.92349598725936,116.92349598725936
0.781,0.219,116.9444155892772,116.9444155892772
0.782,0.218,116.96536849208562,116.96536849208562
0.783,0.217,116.98635469568458,116.98635469568458
0.784,0.216,117.0073742000741,117.0073742000741
0.785,0.215,117.02842700525417,117.02842700525417
0.786,0.214,117.04951311122478,117.04951311122478
0.787,0.213,117.07063251798597,117.07063251798597
0.788,0.212,117.09178522553768,117.09178522553768
0.789,0.211,117.11297123387995,117.11297123387995
0.79,0.21,117.13419054301275,117.13419054301275
0.791,0.209,117.1554431529361,117.1554431529361
0.792,0.20800000000000002,117.17672906365003,117.17672906365003
0.7929999999999999,0.20700000000000002,117.19804827515449,117.19804827515449
0.794,0.20600000000000002,117.21940078744952,117.21940078744952
0.7949999999999999,0.20500000000000002,117.24078660053512,117.24078660053512
0.796,0.20400000000000001,117.26220571441122,117.26220571441122
0.7969999999999999,0.203,117.28365812907792,117.28365812907792
0.798,0.202,117.30514384453511,117.30514384453511
0.7989999999999999,0.201,117.32666286078289,117.32666286078289
0.8,0.2,117.3482151778212,117.3482151778212
0.8009999999999999,0.199,117.36980079565008,117.36980079565008
0.802,0.198,117.39141971426949,117.39141971426949
0.8029999999999999,0.197,117.41307193367948,117.41307193367948
0.804,0.196,117.43475745388,117.43475745388
0.8049999999999999,0.195,117.45647627487108,117.45647627487108
0.806,0.194,117.4782283966527,117.4782283966527
0.8069999999999999,0.193,117.50001381922488,117.50001381922488
0.808,0.192,117.5218325425876,117.5218325425876
0.8089999999999999,0.191,117.5436845667409,117.5436845667409
0.81,0.19,117.56556989168472,117.56556989168472
0.8109999999999999,0.189,117.5874885174191,117.5874885174191
0.812,0.188,117.60944044394402,117.60944044394402
0.813,0.187,117.6314256712595,117.6314256712595
0.8140000000000001,0.186,117.65344419936555,117.65344419936555
0.815,0.185,117.67549602826213,117.67549602826213
0.8160000000000001,0.184,117.69758115794926,117.69758115794926
0.817,0.183,117.71969958842692,117.71969958842692
0.8180000000000001,0.182,117.74185131969517,117.74185131969517
0.819,0.181,117.76403635175393,117.76403635175393
0.8200000000000001,0.18,117.78625468460328,117.78625468460328
0.821,0.179,117.80850631824316,117.80850631824316
0.8220000000000001,0.178,117.83079125267358,117.83079125267358
0.823,0.177,117.85310948789459,117.85310948789459
0.8240000000000001,0.176,117.87546102390613,117.87546102390613
0.825,0.17500000000000002,117.89784586070819,117.89784586070819
0.826,0.17400000000000002,117.92026399830084,117.92026399830084
0.827,0.17300000000000001,117.942715436684,117.942715436684
0.828,0.17200000000000001,117.96520017585775,117.96520017585775
0.829,0.171,117.98771821582203,117.98771821582203
0.83,0.17,118.01026955657686,118.01026955657686
0.831,0.169,118.03285419812228,118.03285419812228
0.832,0.168,118.05547214045824,118.05547214045824
0.833,0.167,118.07812338358471,118.07812338358471
0.834,0.166,118.10080792750175,118.10080792750175
0.835,0.165,118.12352577220935,118.12352577220935
0.836,0.164,118.1462769177075,118.1462769177075
0.837,0.163,118.16906136399616,118.16906136399616
0.838,0.162,118.1918791110754,118.1918791110754
0.839,0.161,118.21473015894522,118.21473015894522
0.84,0.16,118.23761450760553,118.23761450760553
0.841,0.159,118.26053215705645,118.26053215705645
0.842,0.158,118.2834831072979,118.2834831072979
0.843,0.157,118.30646735832988,118.30646735832988
0.844,0.156,118.32948491015242,118.32948491015242
0.845,0.155,118.3525357627655,118.3525357627655
0.846,0.154,118.37561991616916,118.37561991616916
0.847,0.153,118.39873737036336,118.39873737036336
0.848,0.152,118.42188812534813,118.42188812534813
0.849,0.151,118.44507218112344,118.44507218112344
0.85,0.15,118.46828953768926,118.46828953768926
0.851,0.149,118.49154019504563,118.49154019504563
0.852,0.148,118.5148241531926,118.5148241531926
0.853,0.147,118.5381414121301,118.5381414121301
0.854,0.146,118.56149197185816,118.56149197185816
0.855,0.145,118.58487583237675,118.58487583237675
0.856,0.14400000000000002,118.60829299368592,118.60829299368592
0.857,0.14300000000000002,118.63174345578561,118.63174345578561
0.858,0.14200000000000002,118.65522721867585,118.65522721867585
0.859,0.14100000000000001,118.67874428235666,118.67874428235666
0.86,0.14,118.70229464682802,118.70229464682802
0.861,0.139,118.72587831208993,118.72587831208993
0.862,0.138,118.74949527814239,118.74949527814239
0.863,0.137,118.7731455449854,118.7731455449854
0.864,0.136,118.79682911261892,118.79682911261892
0.865,0.135,118.82054598104303,118.82054598104303
0.866,0.134,118.8442961502577,118.8442961502577
0.867,0.133,118.8680796202629,118.8680796202629
0.868,0.132,118.89189639105865,118.89189639105865
0.869,0.131,118.91574646264498,118.91574646264498
0.87,0.13,118.93962983502185,118.93962983502185
0.871,0.129,118.96354650818921,118.96354650818921
0.872,0.128,118.98749648214721,118.98749648214721
0.873,0.127,119.0114797568957,119.0114797568957
0.874,0.126,119.03549633243476,119.03549633243476
0.875,0.125,119.05954620876437,119.05954620876437
0.876,0.124,119.08362938588454,119.08362938588454
0.877,0.123,119.10774586379523,119.10774586379523
0.878,0.122,119.13189564249649,119.13189564249649
0.879,0.121,119.15607872198835,119.15607872198835
0.88,0.12,119.1802951022707,119.1802951022707
0.881,0.11900000000000001,119.20454478334361,119.20454478334361
0.882,0.11800000000000001,119.22882776520709,119.22882776520709
0.883,0.117,119.2531440478611,119.2531440478611
0.884,0.116,119.27749363130565,119.27749363130565
0.885,0.115,119.30187651554074,119.30187651554074
0.886,0.114,119.32629270056644,119.32629270056644
0.887,0.113,119.35074218638263,119.35074218638263
0.888,0.112,119.37522497298941,119.37522497298941
0.889,0.111,119.39974106038676,119.39974106038676
0.89,0.11,119.4242904485746,119.4242904485746
0.891,0.109,119.44887313755304,119.44887313755304
0.892,0.108,119.473489127322,119.473489127322
0.893,0.107,119.49813841788152,119.49813841788152
0.894,0.106,119.52282100923158,119.52282100923158
0.895,0.105,119.54753690137221,119.54753690137221
0.896,0.10400000000000001,119.57228609430338,119.57228609430338
0.897,0.10300000000000001,119.59706858802511,119.59706858802511
0.898,0.10200000000000001,119.62188438253739,119.62188438253739
0.899,0.101,119.6467334778402,119.6467334778402
0.9,0.1,119.67161587393358,119.67161587393358
0.901,0.099,119.6965315708175,119.6965315708175
0.902,0.098,119.72148056849196,119.72148056849196
0.903,0.097,119.746462866957,119.746462866957
0.904,0.096,119.77147846621257,119.77147846621257
0.905,0.095,119.7965273662587,119.7965273662587
0.906,0.094,119.82160956709536,119.82160956709536
0.907,0.093,119.8467250687226,119.8467250687226
0.908,0.092,119.87187387114038,119.87187387114038
0.909,0.091,119.89705597434873,119.89705597434873
0.91,0.09,119.92227137834759,119.92227137834759
0.911,0.089,119.94752008313702,119.94752008313702
0.912,0.088,119.97280208871699,119.97280208871699
0.913,0.08700000000000001,119.99811739508755,119.99811739508755
0.914,0.08600000000000001,120.02346600224861,120.02346600224861
0.915,0.085,120.04884791020024,120.04884791020024
0.916,0.084,120.07426311894241,120.07426311894241
0.917,0.083,120.09971162847515,120.09971162847515
0.918,0.082,120.12519343879846,120.12519343879846
0.919,0.081,120.15070854991225,120.15070854991225
0.92,0.08,120.17625696181663,120.17625696181663
0.921,0.079,120.20183867451158,120.20183867451158
0.922,0.078,120.22745368799706,120.22745368799706
0.923,0.077,120.25310200227312,120.25310200227312
0.924,0.076,120.2787836173397,120.2787836173397
0.925,0.075,120.30449853319683,120.30449853319683
0.926,0.074,120.33024674984453,120.33024674984453
0.927,0.073,120.35602826728275,120.35602826728275
0.9279999999999999,0.07200000000000001,120.38184308551153,120.38184308551153
0.929,0.07100000000000001,120.4076912045309,120.4076912045309
0.9299999999999999,0.07,120.43357262434078,120.43357262434078
0.931,0.069,120.4594873449412,120.4594873449412
0.9319999999999999,0.068,120.48543536633221,120.48543536633221
0.933,0.067,120.51141668851376,120.51141668851376
0.9339999999999999,0.066,120.53743131148585,120.53743131148585
0.935,0.065,120.56347923524848,120.56347923524848
0.9359999999999999,0.064,120.58956045980167,120.58956045980167
0.937,0.063,120.6156749851454,120.6156749851454
0.938,0.062,120.64182281127971,120.64182281127971
0.9390000000000001,0.061,120.66800393820455,120.66800393820455
0.94,0.06,120.69421836591995,120.69421836591995
0.941,0.059000000000000004,120.72046609442587,120.72046609442587
0.942,0.058,120.7467471237224,120.7467471237224
0.943,0.057,120.77306145380945,120.77306145380945
0.944,0.056,120.79940908468706,120.79940908468706
0.945,0.055,120.8257900163552,120.8257900163552
0.946,0.054,120.85220424881389,120.85220424881389
0.947,0.053,120.87865178206313,120.87865178206313
0.948,0.052000000000000005,120.90513261610293,120.90513261610293
0.949,0.051000000000000004,120.93164675093327,120.93164675093327
0.95,0.05,120.95819418655415,120.95819418655415
0.951,0.049,120.98477492296564,120.98477492296564
0.952,0.048,121.01138896016762,121.01138896016762
0.953,0.047,121.03803629816016,121.03803629816016
0.954,0.046,121.06471693694328,121.06471693694328
0.955,0.045,121.09143087651692,121.09143087651692
0.956,0.044,121.11817811688113,121.11817811688113
0.957,0.043000000000000003,121.14495865803588,121.14495865803588
0.958,0.042,121.17177249998117,121.17177249998117
0.959,0.041,121.19861964271702,121.19861964271702
0.96,0.04,121.22550008624344,121.22550008624344
0.961,0.039,121.25241383056039,121.25241383056039
0.962,0.038,121.27936087566789,121.27936087566789
0.963,0.037,121.30634122156596,121.30634122156596
0.964,0.036000000000000004,121.33335486825456,121.33335486825456
0.965,0.035,121.36040181573372,121.36040181573372
0.966,0.034,121.38748206400344,121.38748206400344
0.967,0.033,121.4145956130637,121.4145956130637
0.968,0.032,121.4417424629145,121.4417424629145
0.969,0.031,121.46892261355586,121.46892261355586
0.97,0.03,121.49613606498778,121.49613606498778
0.971,0.029,121.52338281721023,121.52338281721023
0.972,0.028,121.55066287022325,121.55066287022325
0.973,0.027,121.57797622402678,121.57797622402678
0.974,0.026000000000000002,121.6053228786209,121.6053228786209
0.975,0.025,121.63270283400557,121.63270283400557
0.976,0.024,121.66011609018076,121.66011609018076
0.977,0.023,121.68756264714656,121.68756264714656
0.978,0.022,121.71504250490285,121.71504250490285
0.979,0.021,121.74255566344972,121.74255566344972
0.98,0.02,121.77010212278714,121.77010212278714
0.981,0.019,121.79768188291513,121.79768188291513
0.982,0.018000000000000002,121.82529494383361,121.82529494383361
0.983,0.017,121.85294130554267,121.85294130554267
0.984,0.016,121.8806209680423,121.8806209680423
0.985,0.015,121.90833393133245,121.90833393133245
0.986,0.014,121.93608019541318,121.93608019541318
0.987,0.013000000000000001,121.96385976028446,121.96385976028446
0.988,0.012,121.9916726259463,121.9916726259463
0.989,0.011,122.01951879239866,122.01951879239866
0.99,0.01,122.04739825964158,122.04739825964158
0.991,0.009000000000000001,122.07531102767503,122.07531102767503
0.992,0.008,122.10325709649905,122.10325709649905
0.993,0.007,122.13123646611362,122.13123646611362
0.994,0.006,122.15924913651875,122.15924913651875
0.995,0.005,122.18729510771442,122.18729510771442
0.996,0.004,122.21537437970063,122.21537437970063
0.997,0.003,122.24348695247743,122.24348695247743
0.998,0.002,122.27163282604475,122.27163282604475
0.999,0.001,122.29981200040261,122.29981200040261
1.0,0.0,122.32802447555102,122.32802447555102
