lambda,oof_mse_clipped,gain_vs_internal_anchor,min_fold_gain,mean_fold_gain,max_fold_gain,fold_mse_std
1.175,80.89263904946873,4.754745837714509,4.289962241156971,4.754744339207053,5.056076229281629,0.9132184520724227
1.18,80.89272099751724,4.754663889665991,4.2868588617833865,4.754662384092171,5.057837470320337,0.9143792791293405
1.17,80.89272621694873,4.754658670234505,4.2928967418267945,4.754657178818093,5.054151483861375,0.9120634832806941
1.185,80.89297404238432,4.754410844798912,4.2835752422851385,4.754409332169726,5.059434573393091,0.9155486113215744
1.165,80.89298065473145,4.75440423245179,4.295672774469892,4.754402748156243,5.052060951520062,0.9109109485225667
1.19,80.89339597922229,4.753988907960945,4.2801102397017985,4.753987388302614,5.0608705740789475,0.916728820149099
1.16,80.89340170359385,4.7539831835893835,4.298294205115269,4.753981706453024,5.049804631704944,0.9097601433880087
1.195,80.89398876546893,4.753396121714303,4.2764637276023905,4.753394595037162,5.062146626435549,0.917918927856086
1.155,80.89399337157785,4.7533915156053865,4.300734842831702,4.7533900456147675,5.047382524416022,0.9086164549879299
1.2,80.89475229839226,4.7526325887909735,4.272640905215496,4.752631055100585,5.063257168501622,0.9191156650648237
1.15,80.89475501288688,4.75262987429636,4.302993746603249,4.752628411446764,5.044796492526885,0.907481123253824
1.205,80.89568545330346,4.751699433879779,4.268648575496897,4.751697893197303,5.064202191929539,0.9203177352199768
1.145,80.89568864514817,4.751696242035067,4.305070915987088,4.751694786331759,5.042044884352933,0.906353970672136
1.21,80.89679042810491,4.750594459078329,4.264474788906625,4.750592911409754,5.064981926514392,0.9215280812951016
1.14,80.89679326378044,4.750591623402798,4.306972301632044,4.750590174857993,5.0391273891362545,0.9052334907053284
1.215,80.89806707055071,4.7493178166325265,4.260119545633273,4.749316261984904,5.0655968791372175,0.9227469140273639
1.135,80.89806869014423,4.749316197039008,4.308693146421234,4.749314755649655,5.036044006875656,0.9041202297146828
1.13,80.89951389806961,4.747870989113622,4.310232283961213,4.747869554895322,5.032794729480386,0.9030157466665503
1.22,80.89951524663086,4.747869640552381,4.255582845750311,4.747868078933664,5.066046108641785,0.9239739715375487
1.125,80.9011252452297,4.746259641953543,4.311605212891749,4.74625821493797,5.029379545731942,0.901916216522464
1.225,80.9011334215455,4.746251465637741,4.25086468925771,4.746249897063228,5.066329615028081,0.9252093499012659
1.12,80.9029068037061,4.744478083477134,4.312796352297923,4.744476663624795,5.025800127348191,0.9008230249353172
1.23,80.90292205876455,4.7444628284186905,4.2459650761555,4.744461252872517,5.066447398296106,0.9264518360275533
1.115,80.90485852338063,4.742526363802611,4.313805702179565,4.742524951084374,5.022057725486235,0.8997370226884785
1.235,80.90488171102963,4.742503176153605,4.240886189333764,4.742501593633804,5.066399458445872,0.9277015121521548
1.11,80.90698217682251,4.740402710360726,4.314634216640087,4.7404013047827815,5.018151143855334,0.8986592222983611
1.24,80.9070106469805,4.7403742402027405,4.235637885679282,4.74037265072757,5.066185795477367,0.9289563600085634
1.105,80.9092776100979,4.738107277085334,4.315283936953293,4.73810587865498,5.014079117513987,0.8975887372596744
1.245,80.90931140827959,4.738073478903644,4.230208197937841,4.738071882478925,5.065806409441336,0.9302193923903408
1.1,80.91174541031457,4.73563947686867,4.315752101251121,4.735638085589184,5.009841477472364,0.896526118012235
1.25,80.91177133164769,4.735613555535551,4.224597126157448,4.735611952225798,5.065261300628066,0.9314911907543555
1.095,80.91438568233745,4.7329992048457825,4.3160384521569455,4.732997820719691,5.00543790334234,0.8954713112607515
1.255,80.91439581968078,4.732989067502459,4.218805185045667,4.732987457275675,5.06455047110893,0.9327684587356677
1.26,80.91719132939073,4.730193557792504,4.212831971689539,4.730191940649661,5.063673921368647,0.9340535628622275
1.09,80.91719678756782,4.730188099615418,4.31614298859796,4.7301867226565975,5.000868395122808,0.8944252742331608
1.265,80.92015784140132,4.727227045781916,4.206680278473513,4.727225421734249,5.062631653352909,0.9353462756694909
1.085,80.92017635085412,4.727208536329115,4.3160657095236274,4.727207166567825,4.9961431516394725,0.893391611568503
1.27,80.92329578413563,4.7240891030476035,4.200347545068368,4.724087472103383,5.061423681447067,0.9366472684011903
1.08,80.92332742303307,4.724057464150164,4.315806614933948,4.724056101595616,4.991256925026448,0.8923673674708331
1.275,80.9266030127707,4.720781874412538,4.193843774268402,4.720780236594817,5.060052098191065,0.93795468395904
1.075,80.92664936078668,4.7207355263965525,4.3153657048289205,4.7207341710623805,4.986212931895878,0.8913536082382916
1.28,80.93008034441151,4.717304542771728,4.187163631874142,4.7173028980979215,5.058515907248861,0.9392697102075968
1.07,80.93013849590628,4.717246391276959,4.31474297920856,4.717245043202124,4.981029513852704,0.8903564680645711
1.285,80.93372609318712,4.713658793996117,4.180311712586175,4.713657142468074,5.056814348312969,0.9405898914766995
1.065,80.93379988503847,4.713585002144768,4.313938438072853,4.713583661325421,4.97568008805807,0.8893667130149344
1.29,80.9375420234018,4.709842863781432,4.17327853730329,4.709841205379746,5.054947143505288,0.9419172087593685
1.06,80.93763276407928,4.709752123103954,4.312952080729659,4.709750789543705,4.9701646541803655,0.88838490019655
1.295,80.94152010375936,4.705864783423877,4.166064106025459,4.705863118220617,5.05291424765791,0.9432587043045858
1.055,80.94163804155978,4.705746845623452,4.311783906135787,4.70574551932539,4.9644832102651435,0.8874108260647494
1.3,80.94566869768775,4.701716189495485,4.158668418752711,4.701714517505005,5.0507156608684625,0.9446091662393545
1.05,80.94581478807326,4.701570099109972,4.310433911386497,4.701568780083624,4.958637450621453,0.8864451383200441
1.305,80.94998889503107,4.697395992152167,4.1510914754850035,4.69739431338129,5.0483513841242456,0.9459679196692765
1.045,80.95016094413123,4.697223943052009,4.308902095194455,4.697222631321137,4.9526299788072095,0.885489028763076
1.31,80.95447738967113,4.69290749751211,4.143333518620722,4.692905811909602,5.045821418238177,0.9473326234127558
1.04,80.95467890862811,4.692705978555125,4.307188456815112,4.692704674118351,4.946457892569882,0.8845407218930996
1.315,80.95913660949687,4.68824827768637,4.135394656079768,4.688246585252463,5.043125778659444,0.9487053941504281
1.035,80.95936836877215,4.688016518411089,4.305292995993426,4.688015221242367,4.940119843832846,0.8835986310866237
1.32,80.96396719978806,4.683417687395178,4.127274769580623,4.683415988137924,5.040265382535665,0.9500867259595671
1.03,80.96422842909851,4.683156458084724,4.303215712625516,4.683155168199758,4.933624800837407,0.8826672466598188
1.325,80.96896706962616,4.678417817557076,4.118977791900278,4.678416111479967,5.037239718407633,0.9514748719804175
1.025,80.96925955218074,4.678125335002491,4.300956606645414,4.678124052412249,4.926968409031332,0.8817452447471466
1.33,80.97413540574134,4.6732494814419,4.110505824176926,4.673247768545812,5.034050005570009,0.9528695244156659
1.02,80.97445961073144,4.672925276451792,4.298519104298549,4.6729240010821655,4.920145945980096,0.8808259740969987
1.335,80.97947348098316,4.667911406200076,4.101852880811066,4.6679096864917,5.0307012547344385,0.9542743060617923
1.015,80.97982368255568,4.66756120462756,4.295907013391442,4.6675599363132845,4.913160071826255,0.8799044006937291
1.34,80.98498001981605,4.6624048673671865,4.093018962328557,4.662403140874389,5.027186999781122,0.9556893229777557
1.01,80.98535936927922,4.662025517904013,4.293113058844995,4.662024256654064,4.906012918450685,0.8789919408323456
1.345,80.99065815011132,4.656726737071921,4.084004069049584,4.656725003800938,5.023507240710032,0.9571126023621178
1.005,80.9910668341968,4.656318052986435,4.290137240651276,4.656316798786426,4.8987004871924,0.8780863121454253
1.35,80.99650778258437,4.650877104598862,4.074808200999485,4.650875364556586,5.019662422190237,0.9585443001139589
1.0,80.99694666931202,4.650438217871212,4.28697986444206,4.65043697071128,4.89122106181793,0.8771871637087806
1.355,81.00252643821075,4.644858448972485,4.065431891691901,4.644856702182878,5.015662519945565,0.9599879080071285
0.995,81.00299962750036,4.644385259682878,4.283640709578947,4.644384019562105,4.8835736928667615,0.876294763059066
1.36,81.00871209388045,4.6386727933027885,4.055882557097931,4.638671039803816,5.011507204490684,0.9614418207769753
0.99,81.009225163251,4.638159723932233,4.2801196806508415,4.638158490853428,4.875758380037382,0.875409442236799
1.365,81.01506475743709,4.632320129746148,4.04616116012042,4.632318369575691,5.007190453998945,0.9629044210135487
0.985,81.0156230776296,4.6317618095536375,4.276416775709308,4.631760583506358,4.86777511948506,0.8745304547318009
1.37,81.02158778905793,4.625797098125304,4.036258859709164,4.625795331298065,5.00270897179324,0.9643762149493224
0.98,81.02219334112809,4.625191546055149,4.272531994059719,4.625190327016108,4.859623903560518,0.8736570510652579
1.375,81.02827964845496,4.619105238728281,4.026181801988642,4.619103465269615,4.998066952840404,0.9658567528867897
0.975,81.02893590179148,4.618448985391751,4.268465335041725,4.618447773358293,4.851304800331775,0.8727904264178254
1.38,81.03514045200158,4.612244435181651,4.015924101162739,4.612242655078859,4.993261073071437,0.9673454825167579
0.97,81.03585149991473,4.6115333872685085,4.264216798655212,4.611532182240353,4.842817938690345,0.8719306067559456
1.385,81.04216623571855,4.605218651464682,4.005485513301636,4.6052168646026335,4.988294225698382,0.9688384174689478
0.965,81.04293965827135,4.604445228911885,4.259786384834058,4.604444030892111,4.834163121065899,0.8710778111144045
1.39,81.04936028887764,4.598024598305599,3.994866678577381,4.598022804700236,4.983168804458558,0.9703419570035448
0.96,81.05019668855398,4.597188198629254,4.25517409144274,4.5971870076463945,4.825361824914353,0.8702388289590202
1.395,81.05672397094371,4.590660916239528,3.984067177267221,4.590659115868843,4.977880780331546,0.9718533834125556
0.955,81.0576245974546,4.5897602897286305,4.250379914203407,4.58975910579737,4.816404026135245,0.869410307076323
1.4,81.06425761076231,4.5831272764209245,3.973090697163812,4.583125469279173,4.972427589235835,0.9733714898984677
0.95,81.06522506889726,4.582159818285973,4.245403851801541,4.582158641409393,4.807278306493544,0.8685887166600819
1.405,81.07196223572537,4.57542265145787,3.9619339678702232,4.575420837554475,4.966810071082023,0.9748981507695617
0.945,81.07299756250552,4.574387324677716,4.24024590416505,4.574386154862623,4.797985064260274,0.8677743232235056
1.41,81.07983768073473,4.567547206448509,3.950596355970447,4.567545385794423,4.961028329785421,0.9764338557755557
0.94,81.08094311681148,4.566441770371753,4.234906070867709,4.566440607617776,4.7885240401943605,0.8669666428296962
1.415,81.08787835208243,4.559506535100809,3.939095506523813,4.559504707745657,4.955081255011564,0.9779752317880318
0.935,81.08906186337164,4.558323023811596,4.22938435076334,4.558321868117517,4.778895048275544,0.8661655509992604
1.42,81.09608829597954,4.551296591203695,3.92742190747542,4.551294757169129,4.948971584079175,0.9795238665102078
0.93,81.0973538353642,4.550031051819033,4.223680588486545,4.5500299031834315,4.769098088503881,0.8653710678085528
1.425,81.10446813517565,4.542916752007585,3.9155692025560427,4.542914911289094,4.94269956265012,0.9810807037157308
0.925,81.10581876909724,4.541566118085996,4.217794494913832,4.541564976509278,4.75913316087933,0.8645833169105823
1.43,81.11301085341903,4.534374033764209,3.903536147158462,4.534372186212241,4.936273466203744,0.9826424359964679
0.92,81.11445502026461,4.5329298669186215,4.211726041851591,4.532928732411034,4.749000265401932,0.8638026187579567
1.435,81.12172158896489,4.525663298218348,3.8913222860187346,4.525661443863001,4.929697724406111,0.98421790200165
0.915,81.12326360145906,4.524121285724178,4.205475223954366,4.524120158282349,4.738702651872046,0.8630293140587697
1.44,81.13060283010579,4.5167820570774495,3.878927657587468,4.516780195931619,4.922956814707334,0.9858020008973519
0.91,81.13224314979634,4.515141737386898,4.199042037288876,4.515140617025298,4.728239860383567,0.8622645616890523
1.445,81.13965310516258,4.507731782020656,3.8663554970917318,4.50772991410742,4.916057503535768,0.9873962512387452
0.905,81.14139537609663,4.505989511086611,4.1924264785272385,4.505988397806897,4.717609094711264,0.8615067200497917
1.45,81.14887428896664,4.498510598216598,3.8536029179541202,4.498508723546038,4.908992932636153,0.9889991198688384
0.9,81.1507207120662,4.496664175117033,4.185628545817096,4.4966630689183,4.706810354157511,0.8607555349923571
1.455,81.15826466901783,4.489120218165411,3.8406775035268055,4.489118336759432,4.901763085154144,0.9906087787423925
0.895,81.16021895557628,4.4871659316069525,4.1786482357323536,4.487164832490421,4.695843638184073,0.8600111090975239
1.46,81.16782417787915,4.4795607093040815,3.827582813349622,4.479558821185106,4.894367961089728,0.9922238778302525
0.89,81.1698879550617,4.477496932121539,4.171485547935632,4.477495840103356,4.68470894664101,0.8592746829128058
1.465,81.17755483902555,4.469830048157689,3.814307530239901,4.46982815333412,4.886807572244038,0.9938473534306732
0.885,81.17972916057053,4.467655726612705,4.164140482255192,4.4676546416985845,4.673406279471564,0.8585454100921139
1.47,81.18745541239592,4.459929474787316,3.8008514752615383,4.45992757327609,4.879081936719473,0.995480175362404
0.88,81.18974241447197,4.457642472711271,4.15661303738753,4.4576413949077365,4.661935636675679,0.8578233468654395
1.475,81.1975269747789,4.44985791240434,3.787214648431984,4.449856004215039,4.871191054713961,0.9971216717686774
0.875,81.19992873297045,4.447456154212787,4.148904247782454,4.447455083519992,4.650297018253326,0.8571076373942038
1.48,81.20776562949331,4.439619257689927,3.7733970498982643,4.439617342858258,4.863134926227474,0.9987719987464895
0.87,81.21028666392836,4.437098223254878,4.141016456838386,4.437097159683089,4.638490424204534,0.8563980489441001
1.485,81.21817224667896,4.429212640504275,3.7594130834667254,4.429210719054441,4.8549135512599975,1.000427029463707
0.865,81.22081649499329,4.4265683921899495,4.132947131891868,4.426567335747356,4.626515854529288,0.8556951285971202
1.49,81.22874879129819,4.418636095885049,3.7452531114181653,4.418634167833517,4.846526930070922,1.002089244778802
0.86,81.23151962165832,4.415865265524914,4.1246956224926805,4.4158642162101955,4.614373309227602,0.854998667380037
1.495,81.23949439833925,4.407890488843989,3.7309195622007536,4.407888554210919,4.8379750629668195,1.0037579677714397
0.855,81.24239601090386,4.404988876279376,4.116261705978573,4.404987834091526,4.602063313769094,0.8543088620170667
1.5,81.25040859936885,4.3969762878143825,3.7164077689928803,4.396974346625456,4.829257955168174,1.0054347112868176
0.85,81.2534449344814,4.393939952701842,4.107645380595372,4.393938917644855,4.589589564319525,0.8536269104620724
0.845,81.26466722690252,4.3827176602807185,4.098846636655253,4.382716632352398,4.576947831710271,0.8529513845442677
0.84,81.2760627206817,4.3713221665015425,4.089865468392745,4.371321145694978,4.564138111463848,0.8522820147657283
0.835,81.28763160148168,4.359753285701558,4.080701869935282,4.359752272014885,4.55116040265618,0.851619060603055
0.83,81.29937387540875,4.348011011774489,4.071355838954673,4.348010005205805,4.538014705064427,0.8509625058208782
0.825,81.31128954573215,4.3360953414510846,4.061827373920181,4.336094341998463,4.524701018685278,0.8503123345318189
0.82,81.32337861396105,4.324006273222182,4.0521164745291145,4.324005280883696,4.511219343518746,0.8496685313483688
0.815,81.3356405377709,4.311744349412336,4.042223138360512,4.311743364171079,4.497569679564833,0.8490302596158332
0.81,81.34804657292175,4.29933831426149,4.0321473627861195,4.299337335322721,4.483752026823495,0.8483547801290572
0.805,81.36062559008245,4.286759297100787,4.021889137763068,4.286758324465953,4.469766457591589,0.8476857053763888
0.8,81.37337684614589,4.274008041037348,4.011453565948827,4.274007074713071,4.45561357169187,0.8470220882824239
0.795,81.38629918181596,4.261085705367279,4.000847091097739,4.261084745368183,4.441292693544568,0.8463624978472636
0.79,81.39939496001037,4.247989927172867,3.990058063149803,4.247988973497277,4.426803820329226,0.845709094301893
0.785,81.41266266017557,4.234722227007666,3.9790864821050036,4.234721279664387,4.4121469480362805,0.8450623971601707
0.78,81.42610140596935,4.221283481213888,3.967932347645359,4.221282540217774,4.39732207568774,0.8444229477251985
0.775,81.43971314432387,4.207671742859361,3.9565956582614916,4.207670808205597,4.382329407439997,0.8437894938739199
0.77,81.45349425957063,4.193890627612603,3.9450769649857307,4.1938896993144255,4.367169362041622,0.8431626858970075
0.765,81.46744812151178,4.1799367656714566,3.933376655405226,4.179935843732099,4.3518413086263905,0.8425419766620942
0.76,81.48157534349822,4.165809543685015,3.921493782585216,4.165808628103482,4.336345247194316,0.8419274039475576
0.755,81.49587601986899,4.151508867314249,3.9094283465256865,4.151507958088885,4.32068133649976,0.8413189673189535
0.75,81.51034972186984,4.137035165313392,3.8971803470439426,4.137034262445519,4.304849991012972,0.8407169691927578
0.745,81.52499477182437,4.1223901153588685,3.8847497827657236,4.122389218779256,4.2888492809286305,0.8401169108286303
0.74,81.53981122239037,4.1075736647928665,3.872136653316119,4.107572774473792,4.272679027714403,0.8395209382445802
0.735,81.55480129502347,4.0925835921597695,3.859340958691419,4.092582708098942,4.256339226528198,0.8389305471416335
0.73,81.56996297634517,4.077421910838069,3.846362698891582,4.077421033047005,4.239829862330495,0.838346329859367
0.725,81.58529628330288,4.062088603880355,3.8332018739166216,4.062087732370569,4.2231509263247204,0.8377682780292387
0.72,81.60080263281301,4.046582254370222,3.8198584837665237,4.046581389143663,4.206302418510916,0.8371961131773762
0.715,81.61648177752691,4.030903109656322,3.8063325284413168,4.03090225071671,4.189284338889053,0.8366299065563916
0.71,81.63233205510578,4.015052832077458,3.792624007940944,4.015051979439974,4.172096687237712,0.8360700041558324
0.705,81.64835619602022,3.9990286911630193,3.778732922264183,3.9990278448241527,4.154739461012156,0.8355155702096688
0.7,81.6645532279858,3.98283165919743,3.764663631160289,3.9828308191603696,4.137212649213609,0.8349658675414361
0.695,81.6809239308467,3.966460956336533,3.7504130238897204,3.9664601225990763,4.119516231293574,0.8344213503950696
0.69,81.697467589603,3.9499172975802423,3.735979846564362,3.9499164701451663,4.101650206202521,0.8338825301588249
0.685,81.71418330720789,3.9332015799753464,3.7213640991842425,3.933200758850623,4.083614572514065,0.8333497770194742
0.68,81.73107179675466,3.9163130904285737,3.706565781410305,3.916312275615735,4.06540932928516,0.8328227640702429
0.675,81.74813326113187,3.8992516260513668,3.6915854107548824,3.899250817550211,4.047036186630322,0.8323016356076727
0.67,81.76536799482676,3.882016892356475,3.6764240237788073,3.8820160901599623,4.02849388029999,0.8317853807766533
0.665,81.78277598760145,3.864608899581782,3.6610800614957952,3.8646081036908413,4.0097819161781985,0.8312746594190257
0.66,81.80035661912862,3.847028268054615,3.6455543975162215,3.847027478474547,3.9909002846613078,0.8307694559682115
0.655,81.81811113978736,3.829273747395874,3.62984658255138,3.8292729641234815,3.971848981347179,0.8302694627403715
0.65,81.83603963887741,3.8113452483058268,3.613956185705902,3.811344471337236,3.952627997083084,0.8297747363370029
0.645,81.85414212055466,3.7932427666285804,3.5978832069797733,3.7932419959599715,3.933237325188273,0.8292852592173691
0.64,81.87241858569463,3.774966301488604,3.5816276463730077,3.7749655371161195,3.9136769651029084,0.8288010151992564
0.635,81.89086903584513,3.756515851338108,3.5651895038483303,3.756515093257923,3.893946915556924,0.8283219877771615
0.63,81.9094918642335,3.7378930229497342,3.5485735589904692,3.737892271146515,3.8740471664920335,0.8278462961294697
0.625,81.92828728894362,3.719097598239614,3.531775384738239,3.71909685267313,3.8539777117754284,0.8273735857917884
0.62,81.947255314762,3.7001295724212326,3.5147946225456366,3.7001288330749107,3.833742327419259,0.8269062083671814
0.615,81.96639620765907,3.6809886795241624,3.4976312722934324,3.680987946402445,3.8133429965471066,0.8264458438283978
0.61,81.98571081334703,3.6616740738362097,3.4802853488402548,3.661673346937454,3.7927743941653063,0.8259908212318344
0.605,82.00519892004804,3.642185967135191,3.4627570523384037,3.6421852464596354,3.772036067557792,0.8255410571527346
0.6,82.02485628790089,3.6225285992823473,3.4450605048263867,3.622527884859477,3.751128016464108,0.8250946700229728
0.595,82.04468636096892,3.6026985262143114,3.4271880305510507,3.602697818049873,3.7300502408472624,0.8246522924370583
0.59,82.0646904831653,3.5826944040179427,3.4091329185250316,3.5826937021084175,3.708802738284419,0.8242150308459816
0.585,82.08486842740571,3.5625164597775267,3.3908951687483153,3.5625157641129648,3.6873854931848626,0.8237824875532705
0.58,82.10522015794552,3.5421647292377116,3.3724747809880995,3.5421640398071874,3.6657985103091875,0.823354588534575
0.575,82.12574485476155,3.5216400324216863,3.3538738208279284,3.5216393492182108,3.6440422951717153,0.8229311472074925
0.57,82.14644298865898,3.5009418985242604,3.335090694302963,3.5009412215333926,3.622116330756711,0.8225119841956692
0.565,82.16731501537372,3.480069871809519,3.316125584544139,3.4800692010275553,3.6000206170609914,0.8220976797004463
0.56,82.18836111545178,3.4590237717314523,3.296977818560123,3.459023107155036,3.5777551534929444,0.821688400191758
0.555,82.20958129126343,3.437803595919803,3.277647395935105,3.4378029375455412,3.5553199340253485,0.8212841271882712
0.55,82.23097269070107,3.4164121964821703,3.258134315091951,3.4164115443264054,3.5327276179373683,0.8208889935493462
0.545,82.25253387026052,3.394851016922715,3.2384413586550522,3.3948503710117195,3.509983340938035,0.8205041142292876
0.54,82.27426860446003,3.3731162827232026,3.2185684570629007,3.3731156430572495,3.487069232524206,0.8201237258454624
0.535,82.29617737620175,3.3512075109814816,3.1985128775245926,3.3512068775575754,3.463985284482291,0.8197482762493032
0.53,82.31826005972621,3.329124827457022,3.178274619942499,3.3291242002730086,3.440731494139186,0.8193777947788425
0.525,82.34051685103395,3.3068680361492824,3.1578536843166347,3.3068674152016455,3.41730786138109,0.8190121937388738
0.52,82.36294775025402,3.2844371369292134,3.137250070646985,3.284436522214432,3.3937143862080177,0.8186514566306448
0.515,82.38555248443029,3.261832402752944,3.1164637784291784,3.2618317942694004,3.369952449012402,0.8182960037967443
0.51,82.40833065639772,3.239054230785513,3.095495419594883,3.239053628534296,3.3460223241822007,0.8179458900334087
0.505,82.43127821443203,3.2161066727512093,3.0743660430470356,3.2161060767614287,3.3219223216439957,0.8175973151422222
0.5,82.45439990322006,3.1929849839631714,3.053053967902727,3.192984394231155,3.2976524354308765,0.817253548331746
0.495,82.47769482217606,3.169690065007174,3.031563713124285,3.1696894815355847,3.2732126647289164,0.8169138660203926
0.49,82.50116180380316,3.146223083380079,3.0099011597902177,3.146222506179541,3.248603009530001,0.8165773371961451
0.485,82.52480068376406,3.12258420341918,2.988055760191159,3.1225836324392815,3.223823508686394,0.8162427860051905
0.48,82.54861320826528,3.098771678917956,2.9660275117642243,3.0987711141558294,3.198874506794823,0.8159131416968298
0.475,82.57259956684193,3.074785320341306,2.9438165182042866,3.074784761795405,3.173757166531857,0.8155887279328132
0.47,82.5967599491162,3.050624938067031,2.921423520531363,3.0506243857345368,3.148469899578032,0.8152689043226883
0.465,82.62109448781305,3.0262903993701826,2.8988476665605702,3.026289853247346,3.1230127053912042,0.8149538007253428
0.46,82.64560321485816,3.0017816723250803,2.8760889559576555,3.0017811324079275,3.097385583971416,0.8146433883623432
0.455,82.6702859185172,2.9770989686660414,2.8531473872476454,2.977098434952114,3.071588535318611,0.8143377340293146
0.45,82.69514155620793,2.952243330975307,2.830022960112359,2.9522428034688604,3.0456213584613465,0.8140371552050213
0.445,82.72017101639463,2.9272138707886057,2.806715674482959,2.9272133494868884,3.0194826603745213,0.8137409101032896
0.44,82.74537306378645,2.9020118233967906,2.783225526771247,2.9020113082874817,2.9931721679711245,0.8134483733919522
0.435,82.77074902044393,2.8766358667393064,2.7595525149443887,2.8766353578033574,2.966689880347957,0.8131591057226589
0.43,82.79629947960424,2.851085407578992,2.735697162994512,2.8510849048103637,2.9400357958070344,0.8128737582048735
0.425,82.8220243050152,2.825360582168031,2.7116597103519666,2.825360085561664,2.913209909944328,0.81259232143318
0.42,82.84792365837373,2.7994612288095055,2.6874394795138556,2.7994607383591843,2.88621222253353,0.8123148681746803
0.415,82.87399756095216,2.7733873262310738,2.663036366420286,2.77338684193021,2.859042733574597,0.8120413783385078
0.41,82.90024548898722,2.747139398196012,2.6384503668478345,2.747138920041826,2.8317043904603736,0.811772745935128
0.405,82.92666716825894,2.7207177189242913,2.613681479008804,2.7207172469159815,2.8041985747518225,0.811509388456543
0.4,82.95326320474099,2.694121682442244,2.588729701206205,2.6941212165748483,2.7765209380544604,0.8112500560294386
0.395,82.98003269959672,2.6673521875865163,2.5635953745525484,2.6673517278612793,2.7486714705471087,0.810995071927024
0.39,83.00697561900577,2.6404092681774642,2.538279144569543,2.640408814595884,2.7206501657583715,0.810744278111045
0.385,83.03409317769783,2.6132917094854093,2.5127800122522217,2.613291262040593,2.692457023675132,0.8104973300311615
0.38,83.06138526234882,2.5859996248344146,2.487097977023822,2.585999183520306,2.664092617503073,0.8102543909030098
0.375,83.08885164146302,2.558533245720213,2.4612330358432786,2.5585328105323155,2.6355581127652243,0.8100158070653894
0.37,83.11649267374884,2.5308922134343987,2.4351851882676527,2.530891784365855,2.6068517339889183,0.8097810142904954
0.365,83.14430828802652,2.5030765991567137,2.408954433884105,2.503076176201367,2.57797342360449,0.8095500268613265
0.36,83.1722985852313,2.475086301951933,2.3825407700969237,2.475085885102925,2.548923098669462,0.809322770236641
0.355,83.20046358302842,2.446921304154813,2.3559441933214202,2.446920893405175,2.5197007425375233,0.8090992189816544
0.35,83.22880328980935,2.418581597373887,2.32916469934581,2.418581192716627,2.490306346476544,0.8088793550782043
0.345,83.25731771149555,2.3900671756876903,2.302202287748642,2.3900667771157513,2.460739908810851,0.808663161417861
0.34,83.28600685040772,2.3613780367755197,2.2750569582528755,2.36137764428191,2.431001429451314,0.8084506220134418
0.335,83.31485542014602,2.3325294670372188,2.2477287105064363,2.3325290807203913,2.401091051908196,0.8082482605585386
0.33,83.34387705821388,2.3035078289693587,2.2202175443539005,2.3035074488336904,2.3710087047187045,0.808050293176499
0.325,83.37307323974615,2.274311647437088,2.192523459795268,2.2743112734768145,2.3407553109833543,0.8078562854496228
0.32,83.4024441599559,2.2449407272273305,2.1646464568305532,2.244940359435316,2.3103299017182337,0.8076659226554292
0.315,83.43198884263732,2.215396044545912,2.136586533069874,2.215395682921778,2.2797324233158918,0.8074796008133897
0.31,83.46170824773904,2.185676639444196,2.1083436728647484,2.185676283980996,2.2489629682397947,0.8072969211815652
0.305,83.49160220482287,2.1557826823603676,2.0799178662726945,2.155782333052352,2.2180224880946042,0.8071181560749424
0.3,83.52167103740486,2.1257138497783785,2.051309095042427,2.1257135066175747,2.1869093851131964,0.8069428018568994
0.295,83.55191444139338,2.095470445789857,2.0225199574659314,2.0954701087704195,2.1556223375966823,0.8067701005591663
0.29,83.58233284599146,2.0650520411917768,1.9935482991636206,2.0650517103048456,2.124161275311266,0.8066003246958389
0.285,83.61292641227281,2.034458474910423,1.9643936638817365,2.0344581501460794,2.092526196402389,0.8064334931974522
0.28,83.64369514350007,2.003689743683168,1.9350560439275597,2.0036894250314616,2.0607171002851317,0.80626959278272
0.275,83.6746390417547,1.972745845428534,1.9055354364006263,1.972745532879469,2.0287339795007426,0.8061086081377982
0.27,83.70575772341758,1.9416271637656592,1.8758318383904111,1.941626857311931,1.996576813585051,0.8059506936527445
0.265,83.73705144472842,1.9103334424548137,1.8459452479039413,1.9103331420865886,1.9642455968105565,0.8057956762836772
0.26,83.76852031385457,1.87886457332867,1.8158756577477675,1.8788642790347723,1.931740327342851,0.8056434569892743
0.255,83.80016437980103,1.847220507382204,1.785623051170873,1.8472202191525837,1.8990610047465708,0.8054940955662161
0.25,83.83198337436609,1.8154015128171466,1.7551873974374956,1.8154012306435647,1.8662076286939566,0.8053477071649772
0.245,83.86397727528072,1.7834076119025184,1.724568651386548,1.7834073357769455,1.8331803198166625,0.805204327473148
0.24,83.89614627323198,1.7512386139512586,1.6937668058343007,1.7512383438644066,1.7999796933291066,0.8050639957260408
0.235,83.92849073630444,1.7188941508787963,1.6627818607178142,1.7188938868189012,1.7666050043982722,0.8049263743034505
0.23,83.96101088720629,1.6863739999769507,1.6316138159791649,1.6863737419306488,1.733056252039546,0.8047913509002043
0.225,83.99370650563016,1.6536783815530782,1.6002638538610086,1.65367812950864,1.6993334324465508,0.804658751124613
0.22,84.02657772370291,1.6208071634803218,1.5687313260848583,1.620806917425054,1.6654365395937702,0.804528648236005
0.215,84.05962460510388,1.5877602820793584,1.5370156537862414,1.5877600420001898,1.63136593719544,0.804401208896393
0.21,84.0928471594939,1.5545377276893362,1.5051168369058558,1.5545374935732184,1.5971212825573389,0.8042763491797678
0.205,84.12624561195733,1.5211392752259059,1.4730348737866166,1.5211390470582387,1.562702544473396,0.8041539519265257
0.2,84.15982027691541,1.4875646102678246,1.4407697619373465,1.4875643880318705,1.5281097203709493,0.8040338657961407
0.195,84.1935633484776,1.4538215387056397,1.4083214994941926,1.453821322438526,1.4933428091356404,0.8039197458121251
0.19,84.2274810266882,1.4199038604950402,1.3756900857401746,1.4199036501911366,1.4584032231631454,0.8038089926418542
0.185,84.26157529522077,1.3858095919624702,1.342875520240355,1.3858093876025293,1.4232882836578113,0.8037001136613272
0.18,84.29584626518655,1.3515386219966814,1.309877801182168,1.3515384235608223,1.3879974660348182,0.8035929489664684
0.175,84.33029393798176,1.3170909492014715,1.2766969505879473,1.3170907566698844,1.352530768514768,0.8034874861592762
0.17,84.36491818288444,1.2824667042987983,1.2433336734487455,1.2824665176525372,1.316888190772957,0.8033836202318514
0.165,84.39971903828123,1.2476658489020025,1.2097872387541173,1.247665668121894,1.2810697075919961,0.8032814830624282
0.16,84.43469598958237,1.21268889760087,1.1760576464791086,1.2126887226712797,1.2450752919537678,0.803181308369699
0.155,84.46984968419152,1.17753520299172,1.1421448964870535,1.1775350338926187,1.2089049410250965,0.8030827771312716
0.15,84.50518012397096,1.142204763212277,1.1080489871180816,1.1422045999235422,1.172558654425771,0.802985879187101
0.145,84.54068725195374,1.1066976352294944,1.0737702201898145,1.1066974777314869,1.136036429728847,0.8028905681315124
0.14,84.5763710017525,1.0710138854307303,1.0393087430258134,1.0710137337043135,1.0993384632241003,0.8027968758734159
0.135,84.61223136430064,1.0351535228825952,1.0046640935021856,1.035153376908704,1.0624652883866617,0.8027050090832202
0.13,84.64826703762354,0.9991178495596955,0.9698362712508413,0.9991177093282346,1.0254161507888142,0.8026154468004026
0.125,84.68447920040576,0.962905686777475,0.9348252762717806,0.9629055522702771,0.9881910496780506,0.8025276079676544
0.12,84.72086811321209,0.9265167739711444,0.8996311084147663,0.9265166451671035,0.9507899840603216,0.8024412809080771
0.115,84.75743277411043,0.889952113072809,0.8642537649024717,0.8899519899213487,0.9132129502450823,0.8023545413604466
0.11,84.79417436255358,0.8532105246296595,0.8286932264028479,0.853210407105243,0.8754600366023766,0.8022690263194118
0.105,84.83109193833332,0.8162929488499202,0.7929494640529242,0.8162928369381206,0.8375322013666135,0.8021856619572598
0.1,84.86818684982761,0.7791980373556271,0.7570224774330825,0.7791979310327122,0.7994273376538104,0.8021033911799585
0.095,84.90545884855284,0.7419260386303961,0.7209122665362031,0.7419259378743988,0.7611451176468336,0.8020222708309652
0.09,84.94290827744568,0.7044766097375543,0.6846188296660358,0.7044765145242365,0.7226853125581698,0.801942083468124
0.085,84.9805352544478,0.6668496327354347,0.6481421654915067,0.6668495430397371,0.6840477217334637,0.8018627250615585
0.08,85.01833993728113,0.6290449499021094,0.61148227369317,0.6290448656978782,0.645232329051936,0.8017841170010193
0.075,85.0563224266545,0.5910624605287325,0.574639153905153,0.591062381789149,0.6062391280046171,0.801706208038543
0.07,85.09448213603724,0.552902751145993,0.5376128040232686,0.5529026778483569,0.5670681057977163,0.801629245859915
0.065,85.13281914146427,0.5145657457189685,0.5004032033507713,0.5145656778401616,0.5277192417875796,0.8015531959989842
0.06,85.1713339951685,0.47605089201474016,0.4630103448627949,0.476050829527847,0.4881925300328902,0.8014778159954136
0.055,85.21002670779615,0.43735817938708976,0.42543422855546,0.437358122265411,0.4484879603574541,0.8014031092656065
0.05,85.24889695204544,0.3984879351377941,0.3876748530440324,0.398487883345436,0.4086055286930588,0.8013284651370908
0.045,85.287945060453,0.3594398267302381,0.3497322155851208,0.359439780240362,0.36854522968455683,0.8012544693334271
0.04,85.32717095661779,0.3202139305654441,0.3116063003838434,0.3202138893505804,0.3283073023969223,0.8011811267234882
0.035,85.36657470778943,0.2808101793938107,0.27329707423284333,0.28081014342664046,0.2878915396372008,0.8011084043021661
0.03,85.40615636059064,0.24122852659259308,0.2348045304118358,0.2412284958463374,0.24729789051379214,0.801036321767078
0.025,85.44591613317704,0.2014687540061999,0.19612863972194816,0.2014687284525536,0.2065263458591602,0.800964784117518
0.02,85.48585386569782,0.1615310214854162,0.15726912993785902,0.16153100109723367,0.16557689707320833,0.8008939086760654
0.015,85.52596935224832,0.1214155349349113,0.11822636167909195,0.12141551968650219,0.12444954259558472,0.8008237055620971
0.01,85.56626286763266,0.08112201955057685,0.0790013148824329,0.08112200941445451,0.08314427686772774,0.8007538588520574
0.005,85.60673471093102,0.04065017625221401,0.039592528918930725,0.04065017119890513,0.041661096015104704,0.8006845353091111
0.0,85.64738488718324,0.0,0.0,0.0,0.0,0.8006157276783237
-0.005,85.68814728500314,-0.040762397819904095,-0.04174416572621453,-0.040762392602752585,-0.03970080452182856,0.8005640580683038
-0.01,85.72908741562274,-0.0817025284395072,-0.08366591148849523,-0.08170251803228154,-0.07958303977750347,0.800512648748867
-0.015,85.77020483187042,-0.12281994468717983,-0.12576523191468425,-0.1228199291446316,-0.11964901685692553,0.8004601382975718
-0.02,85.81149700509495,-0.16411211791171354,-0.16804211859968632,-0.16411209726327627,-0.1598796031970977,0.8004084257074168
-0.025,85.8529657718435,-0.20558088466026447,-0.2104965360563824,-0.2055808589255122,-0.20027693549296544,0.8003579566072245
-0.03,85.89460920926633,-0.24722432208309897,-0.2531284641069078,-0.24722429126861414,-0.24084985066323839,0.8003094643258933
-0.035,85.93642994608551,-0.28904505890227483,-0.295937879938009,-0.2890450230331368,-0.2815948744542709,0.8002619027848442
-0.04,85.9784267863073,-0.33104189912405957,-0.338919593419476,-0.33104185824138027,-0.32251477870228484,0.8002151637717275
-0.045,86.02059771153873,-0.3732128243554911,-0.3820745846388718,-0.3732127785665341,-0.3636101528149567,0.8001646185252168
-0.05,86.06294346618444,-0.41555857900119975,-0.42540697933146987,-0.4155585284234604,-0.4048813576399368,0.8001087483189279
-0.055,86.10546510657844,-0.4580802193951996,-0.46891674961528906,-0.458080164102762,-0.4463277431203494,0.8000502809762594
-0.06,86.14816448166195,-0.5007795944787148,-0.5126038610167711,-0.5007795345014472,-0.48795000695133695,0.7999922190237571
-0.065,86.19104178159787,-0.5436568944146387,-0.5564682968132928,-0.5436568297839329,-0.5297481463443745,0.7999345512817061
-0.07,86.23409695409497,-0.5867120669117298,-0.6005098617967093,-0.5867119976587247,-0.5717221523694604,0.7998773183337808
-0.075,86.27732779227888,-0.6299429050956462,-0.6447277687526594,-0.6299428312402909,-0.6138690773213114,0.799821411102377
-0.08,86.32073500412835,-0.6733501169451159,-0.6891229349258907,-0.6733500385123279,-0.656185695777026,0.7997664270234414
-0.085,86.36431924499058,-0.7169343578073466,-0.7336953490713256,-0.7169342748230776,-0.6986740282517587,0.7997122693705262
-0.09,86.40807960631471,-0.7606947191314788,-0.7784410853899004,-0.7606946316154307,-0.7413338214986709,0.799660046134286
-0.095,86.45201423947057,-0.8046293522873356,-0.823346315730916,-0.8046292602465798,-0.7841693995604402,0.7996132325058461
-0.1,86.49612601021437,-0.8487411230311324,-0.8684286744358332,-0.8487410265003377,-0.8271785947695491,0.7995666167349215
-0.105,86.54041392649816,-0.8930290393149249,-0.9136881594271102,-0.893028938342735,-0.8703594782804913,0.7995192955250895
-0.11,86.58487962271484,-0.937494735531601,-0.9591247585086933,-0.9374946301495669,-0.913716122615071,0.7994723269668624
-0.115,86.62952138926416,-0.9821365020809196,-1.0047384617376025,-0.9821363923088512,-0.9572400112341057,0.7994266854407822
-0.12,86.67434072003235,-1.0269558328491115,-1.0505292570111209,-1.026955718717082,-1.0009386766458022,0.7993815131557274
-0.125,86.71933776914658,-1.071952881963341,-1.0964971400128007,-1.0719527635025572,-1.044812945826365,0.7993367095983702
-0.13,86.76451252059276,-1.117127633409524,-1.1426421036514824,-1.1171275106512126,-1.0888628044201738,0.7992922649383676
-0.135,86.80986488090343,-1.162479993720197,-1.188964146377586,-1.162479866697791,-1.1330882375369669,0.7992480255353607
-0.14,86.85539482001265,-1.2080099328294125,-1.2354632644573087,-1.208009801576867,-1.1774892389302778,0.7992039506738554
-0.145,86.90110216006612,-1.2537172728828807,-1.2821394545653249,-1.2537171374333127,-1.222065805098552,0.7991599296264699
-0.15,86.94698547123888,-1.2996005840556393,-1.3289927164547208,-1.2996004444851081,-1.2668179267263184,0.799113166062177
-0.155,86.99304304138552,-1.3456581542022832,-1.3760065845371656,-1.3456580105219644,-1.3117455840795316,0.7990711770212767
-0.16,87.03927778084676,-1.391892893663524,-1.423195947636728,-1.3918927459067958,-1.3568487589246132,0.7990296448258024
-0.165,87.08568643805334,-1.4383015508701078,-1.4705623150355507,-1.4383013990464548,-1.402127442879248,0.7989896690230116
-0.17,87.13227057162021,-1.4848856844369749,-1.5181056825220907,-1.484885528562944,-1.4475816113241677,0.7989508572097381
-0.175,87.17903223937505,-1.5316473521918113,-1.5658258055373437,-1.5316471922981236,-1.4932112440475152,0.7989124147797567
-0.18,87.22597134447557,-1.5785864572923316,-1.61372222609225,-1.5785862934090915,-1.5390163257571743,0.7988744662084408
-0.185,87.273087397064,-1.6257025098807674,-1.66179478718999,-1.625702342034711,-1.584996845457269,0.7988372334454258
-0.19,87.32038043335898,-1.6729955461757413,-1.7100416545408024,-1.6729953743938892,-1.6311527839742865,0.7988010581455675
-0.195,87.3678499352716,-1.7204650480883572,-1.7584654426552646,-1.7204648724038805,-1.6774805822035574,0.7987651254840947
-0.2,87.41549555242577,-1.7681106652425314,-1.8070661439922588,-1.7681104857207004,-1.723983487210063,0.798727167978841
-0.205,87.46331758356223,-1.8159326963789937,-1.8558437530640646,-1.8159325130816115,-1.7706617933448712,0.7986874128414523
-0.21,87.5113156546037,-1.8639307674204701,-1.9047982161245613,-1.8639305803682304,-1.8175092735596081,0.7986488080797107
-0.215,87.5594867618914,-1.9121018747081706,-1.9539288057563766,-1.9121016840279907,-1.8645300696864382,0.798604159821408
-0.22,87.6078287057136,-1.960443818530365,-2.0032362826920433,-1.9604436244305248,-1.9117252251090235,0.7985477704484355
-0.225,87.65633838945618,-2.008953502272945,-2.0527206133630926,-2.008953305041601,-1.959095664499614,0.7984738358779746
-0.23,87.70502296619127,-2.0576380790080293,-2.102381781394115,-2.057637878730503,-2.006641263961427,0.7983962147643989
-0.235,87.75388240597736,-2.1064975187941286,-2.1522142848504586,-2.106497315486203,-2.0543557116320272,0.7983210610887885
-0.24,87.80291604089877,-2.155531153715529,-2.2022235580019185,-2.155530947388516,-2.1022306449186914,0.7982477332757645
-0.245,87.85212704549544,-2.2047421583122,-2.2524096290873246,-2.20474194899717,-2.150280854654028,0.7981745964199783
-0.25,87.90151422380434,-2.254129336621105,-2.3027718221809295,-2.2541291243411505,-2.198500861150535,0.7981025283122375
-0.255,87.95107712568522,-2.3036922385019807,-2.353309865042121,-2.303692023277108,-2.2468887008164558,0.7980318478826138
-0.26,88.00081491079423,-2.353430023610997,-2.404019901007956,-2.353429805457458,-2.2954443270744633,0.7979635175815935
-0.265,88.05072904866984,-2.4033441614866007,-2.4549055842896195,-2.4033439404374404,-2.3441751626651097,0.7978949546502795
-0.27,88.10081880201477,-2.4534339148315354,-2.5059680387761603,-2.4534336909061265,-2.393080267538835,0.7978259105171325
-0.275,88.15108562827437,-2.503700741091137,-2.5572072642748793,-2.5037005143189077,-2.442159098548217,0.7977572570329696
-0.28,88.20152953359678,-2.5541446464135475,-2.608622596424169,-2.5541444168293053,-2.4914131191124937,0.7976887009851499
-0.285,88.2521505185014,-2.604765631318159,-2.6602133141463753,-2.6047653989516335,-2.5408423291436293,0.7976207104948748
-0.29,88.30294611500658,-2.655561227823341,-2.7119793869564717,-2.6555609926870916,-2.590446727815845,0.7975525382995967
-0.295,88.35391685479976,-2.7065319676165274,-2.7639194669053353,-2.706531729726714,-2.640226312947405,0.7974844926874507
-0.3,88.40506493363729,-2.7576800464540554,-2.816036265732393,-2.7576798058421135,-2.6901810812206577,0.7974166465775206
-0.305,88.45639032663131,-2.8090054394480717,-2.868329778938204,-2.809005196145384,-2.740310941999738,0.7973490022869776
-0.31,88.5078929433838,-2.8605080562005583,-2.920800006432458,-2.8605078102379564,-2.790615466620949,0.7972816078383619
-0.315,88.55957271356436,-2.9121878263811283,-2.973446322838683,-2.9121875777890067,-2.8410951319551856,0.7972145498928243
-0.32,88.61142879857678,-2.9640439113935457,-3.0262683063418336,-2.9640436601964835,-2.89174656443366,0.7971483389486771
-0.325,88.66344243435361,-3.0160575471703766,-3.079258452121792,-3.0160572932634837,-2.9424831342411153,0.7970963312472924
-0.33,88.71561198787737,-3.0682271006941306,-3.132423135712358,-3.0682268439613494,-2.9933061995593846,0.7970551282062396
-0.335,88.7679561808723,-3.1205712936890677,-3.1857644731303623,-3.1205710341434925,-3.0443030161339095,0.7970132559277691
-0.34,88.82047651733026,-3.1730916301470273,-3.23928245910038,-3.1730913678401835,-3.095474642846682,0.7969700925962507
-0.345,88.87316969806938,-3.2257848108861396,-3.2929609770032897,-3.2257845458522896,-3.146820360590212,0.7969299069660215
-0.35,88.92602153786923,-3.2786366506859963,-3.3467506475203237,-3.278636382829498,-3.1983222812258987,0.7969093813168546
-0.355,88.97900755039073,-3.3316226632074972,-3.400716833300393,-3.3316223922659587,-3.249968088162035,0.796875005452559
-0.36,89.03216594907913,-3.384781061895893,-3.454859524396028,-3.384780787984016,-3.301782186938027,0.7968354871542748
-0.365,89.08549743340728,-3.4381125462240476,-3.509160856656848,-3.4381122693549173,-3.353770518755084,0.7968007026073819
-0.37,89.1390041946768,-3.491619307493565,-3.5636353949812047,-3.4916190276865735,-3.4059331516249642,0.7967675593489939
-0.375,89.19266768366356,-3.545282796480322,-3.6182855510716934,-3.5452825136271855,-3.458170163449765,0.7967484695479837
-0.38,89.24650645053906,-3.5991215633558227,-3.6731100567505024,-3.5991212774758568,-3.510579495970916,0.7967310007480977
-0.385,89.3005162813103,-3.6531313941270582,-3.7281110288225676,-3.653131105210491,-3.5631553923881683,0.7967166512836762
-0.39,89.35470002742598,-3.7073151402427413,-3.783275499401313,-3.707314848299498,-3.615904722272333,0.7967064336085886
-0.395,89.40906038305037,-3.761675495867138,-3.838615452804092,-3.761675200925768,-3.668828038649565,0.7966969778313273
-0.4,89.46359328118166,-3.816208393998423,-3.8941178091746025,-3.8162080960597082,-3.7219249929222116,0.796692315509183
-0.405,89.5183016199574,-3.8709167327741625,-3.949796341130636,-3.870916431859004,-3.775193135433412,0.7966888481712047
-0.41,89.5731859605821,-3.9258010733988584,-4.005651280684219,-3.925800769532077,-3.8286351562161514,0.796685511154856
-0.415,89.62822576958641,-3.9808408824031716,-4.061682627736076,-3.980840575467937,-3.882219052774772,0.7966799292469939
-0.42,89.68342081236803,-4.036035925184791,-4.117890381556407,-4.03603561506263,-3.9359175707993046,0.7966785301260115
-0.425,89.73878891591266,-4.091404028729428,-4.174256413255705,-4.091403715424908,-3.9897898244000345,0.7966825789840359
-0.43,89.7943328976709,-4.146948010487662,-4.230795173106813,-4.146947694024812,-4.0438363247842375,0.7966880662309394
-0.435,89.85005293090398,-4.202668043720749,-4.287508443321656,-4.202667724124813,-4.098056661958466,0.7966946218515998
-0.44,89.9059491392287,-4.25856425204546,-4.344397757286174,-4.258563929342546,-4.1524507257797865,0.7967019743833929
-0.445,89.96202188977519,-4.314637002591951,-4.401463303086729,-4.314636676810804,-4.2070190097762605,0.7967098784850783
-0.45,90.01827001911242,-4.370885131929185,-4.4587050394804635,-4.370884803118639,-4.261760643556187,0.7967167712467985
-0.455,90.07468440727975,-4.427299520096511,-4.516120198075356,-4.427299188534741,-4.316675965666846,0.7967070718651826
-0.46,90.13126641173795,-4.483881524554718,-4.573697518248352,-4.4838811904033635,-4.371763966730299,0.796690934461437
-0.465,90.18802052693158,-4.540635639748345,-4.631432784777019,-4.540635303006272,-4.427025946107506,0.796679789312725
-0.47,90.24494532365806,-4.597560436474822,-4.689318391207266,-4.59756009713104,-4.482458031990745,0.7966765434078866
-0.475,90.30204565651295,-4.654660769329709,-4.747375305077071,-4.654660427410979,-4.538064153031655,0.7966748689337844
-0.48,90.35932235283968,-4.711937465656447,-4.805608252624154,-4.711937121199995,-4.593844445404429,0.7966732369834306
-0.485,90.41677545454247,-4.769390567359238,-4.864017229208486,-4.769390220395806,-4.649798909109052,0.7966720347600001
-0.49,90.47440055957772,-4.827015672394481,-4.92260223232546,-4.8270153230315485,-4.705927543998797,0.7966646603289217
-0.495,90.53219396257472,-4.8848090753914875,-4.981363259636325,-4.884808723846794,-4.762230346155178,0.7966436491314526
-0.5,90.59015944222047,-4.942774555037232,-5.04030031075898,-4.94277420143901,-4.818703457884993,0.7966165368511032
-0.505,90.64829797342323,-5.00091308623999,-5.099411877787844,-5.000912730607837,-4.875336546939906,0.7965916399331552
-0.51,90.70660173166367,-5.0592168444804315,-5.158691300507698,-5.059216487087551,-4.932141716515218,0.7965518426503763
-0.515,90.7650813095818,-5.117696422398566,-5.218146681680665,-5.117696063272243,-4.989117863400466,0.7965128859467672
-0.52,90.8237352793539,-5.1763503921706615,-5.27777799635507,-5.176350031339359,-5.046262505948079,0.796474515111734
-0.525,90.88256553117641,-5.235180643993175,-5.337585240496125,-5.235180281487797,-5.103580296078263,0.7964366809384936
-0.53,90.94157207746741,-5.294187190284177,-5.397567537365163,-5.294186826135433,-5.161072134459715,0.7963994969269366
-0.535,91.00075437428761,-5.3533694871043735,-5.457724345451666,-5.353369121342103,-5.218738020782453,0.7963630603286457
-0.54,91.06010436607563,-5.412719478892399,-5.5180570437889145,-5.4127191114908015,-5.276577943466194,0.7963295057780072
-0.545,91.11959050019021,-5.472205613006977,-5.57856540673707,-5.472205243719779,-5.3345918963591,0.7963096995490391
-0.55,91.17924965977767,-5.531864772594432,-5.6392493363206455,-5.531864401493644,-5.39277987896557,0.7962872474204373
-0.555,91.239078694347,-5.5916938071637645,-5.7001091533191754,-5.591693434322494,-5.451139676919794,0.7962618289198821
-0.56,91.29908050376572,-5.6516956165824865,-5.761144857400382,-5.651695242049851,-5.509671209203304,0.7962352759674695
-0.565,91.35925279623129,-5.711867909048053,-5.822343057030167,-5.711867532882448,-5.568374501451771,0.796208973835029
-0.57,91.41959124570346,-5.772206358520222,-5.88368285624091,-5.772205980699667,-5.627251021646856,0.7961900039397966
-0.575,91.48010373286522,-5.832718845681981,-5.945195733187845,-5.8327184662233575,-5.686301547432734,0.7961715319901819
-0.58,91.54079086945858,-5.89340598227534,-6.006884435207738,-5.893405601199808,-5.745525815567376,0.7961530061407481
-0.585,91.60165321217922,-5.954268324995979,-6.068748956261771,-5.9542679423285225,-5.804923426999565,0.7961346384587107
-0.59,91.66269121263937,-6.015306325456137,-6.13078787273632,-6.0153059412248755,-5.864494985548518,0.796116981010715
-0.595,91.72390282106272,-6.076517933879487,-6.193000603193255,-6.0765175480983995,-5.924240478336074,0.7960993869205855
-0.6,91.78528322094049,-6.137898333757249,-6.255366708958931,-6.137897946407134,-5.984157736357119,0.796087213184712
-0.605,91.84683451359108,-6.199449626407841,-6.317901124488657,-6.199449237520144,-6.044236525653886,0.7960772004685305
-0.61,91.90855975102319,-6.261174863839955,-6.380610158976097,-6.261174473449853,-6.10448335984519,0.79606770315787
-0.615,91.97040950093407,-6.323024613750832,-6.443493930469842,-6.323024221534243,-6.1648772041878175,0.7960768659114208
-0.62,92.03240954527733,-6.385024658094096,-6.506553408772305,-6.385024263904867,-6.225370994679096,0.7961003537008239
-0.625,92.09457985713469,-6.447194969951454,-6.569788590080947,-6.447194573799811,-6.286032520905124,0.7961228063335888
-0.63,92.15692455529972,-6.5095396681164885,-6.633199464512174,-6.509539270030371,-6.346867518276056,0.796145509920515
-0.635,92.21944429696575,-6.572059409782511,-6.696786019976358,-6.572059009786818,-6.407875129404687,0.7961689060119987
-0.64,92.28213878190694,-6.634753894723701,-6.760546246568296,-6.634753492847153,-6.46905530136587,0.7961930902172183
-0.645,92.34500455925775,-6.697619672074509,-6.824476959578618,-6.697619268318394,-6.530407922964528,0.7962177495530731
-0.65,92.40803765097918,-6.760652763795946,-6.888575696946901,-6.7606523581318445,-6.591924175321239,0.7962441389752066
-0.655,92.47124558109662,-6.823860693913389,-6.95285001026194,-6.82386028636536,-6.653609948940485,0.7962715710525823
-0.66,92.53462872876023,-6.887243841576989,-7.017299896984369,-6.887243432183652,-6.715469174633071,0.796298768804729
-0.665,92.59818527070404,-6.9508003835208,-7.081924683444143,-6.950799972368418,-6.7775018360267865,0.7963225175776524
-0.67,92.66191582979819,-7.014530942614954,-7.146725037842245,-7.014530529765196,-6.839707930541081,0.7963441376443363
-0.675,92.72581996373165,-7.078435076548416,-7.211698306044568,-7.078434662016687,-6.9020831612886155,0.7963672745570597
-0.68,92.78986425260787,-7.142479365424634,-7.2768409577053745,-7.142478949250739,-6.964629365753709,0.7963865816697138
-0.685,92.85405113592353,-7.206666248740291,-7.3421423607336465,-7.206665830755142,-7.027282575095569,0.7964245254716876
-0.69,92.91840966337396,-7.271024776190728,-7.407616458314678,-7.271024356412221,-7.090094851902094,0.7964650827462942
-0.695,92.98293422782932,-7.335549340646082,-7.473241656193196,-7.335548919051644,-7.153060643936101,0.7965145533425297
-0.7,93.04761961965154,-7.400234732468306,-7.539036774314127,-7.4002343089863505,-7.21613642969406,0.796575895008942
-0.705,93.11247765597543,-7.465092768792189,-7.605007001610119,-7.465092343432718,-7.279380826715936,0.7966377873713536
-0.71,93.17749990868661,-7.530115021503377,-7.671152331406503,-7.530114594524397,-7.3427983119889575,0.7966821452814858
-0.715,93.24269515197686,-7.595310264793625,-7.737470937065211,-7.5953098362533185,-7.4063868178427015,0.7967253939546437
-0.72,93.30805825847389,-7.660673371290656,-7.803962816834002,-7.6606729412654175,-7.470136020129402,0.7967665891661828
-0.725,93.37359442857033,-7.726209541387092,-7.870629772239312,-7.726209109895441,-7.534053281865539,0.7968091045773436
-0.73,93.43929958349871,-7.791914696315473,-7.9374699659119585,-7.791914263356395,-7.598141010848124,0.796853547469781
-0.735,93.50517420126593,-7.857789314082694,-8.004484077279841,-7.857788879710094,-7.662401569414428,0.7968955832887371
-0.74,93.57121367927402,-7.923828792090788,-8.071673254895856,-7.923828356262976,-7.726830761072662,0.7969378651642172
-0.745,93.6374179224255,-7.990033035242263,-8.139037498757688,-7.990032597917121,-7.791415941659224,0.7969841838818746
-0.75,93.70379270972578,-8.056407822542539,-8.206576804308554,-8.056407383721998,-7.856161017015239,0.7970336026791426
-0.755,93.77033994209751,-8.122955054914271,-8.274291150720416,-8.122954614609029,-7.921066659837592,0.7970857727250817
-0.76,93.83706223862464,-8.189677351441404,-8.34218053260166,-8.18967690968035,-7.986145083771149,0.7971385651283991
-0.765,93.90395862745473,-8.256573740271492,-8.410244104498915,-8.256573297076859,-8.051396281083356,0.7971923470731743
-0.77,93.97102924076492,-8.323644353581685,-8.47847868104013,-8.323643908976612,-8.11682024748417,0.7972476995153253
-0.775,94.03827375814647,-8.390888870963238,-8.546887375461623,-8.390888424977604,-8.182416978355576,0.7973033545644129
-0.78,94.10569240757732,-8.458307520394087,-8.615469673256712,-8.458307073052325,-8.248185473624446,0.7973601298744402
-0.785,94.17328024482853,-8.525895357645297,-8.684218093766589,-8.525894908938582,-8.314121905566736,0.797420188615168
-0.79,94.24103943616362,-8.593654548980382,-8.753130455265634,-8.59365409893191,-8.380228245480097,0.7974828546489219
-0.795,94.30895980984334,-8.661574922660108,-8.822170110692127,-8.661574471254468,-8.446493207613145,0.7975572198935416
-0.8,94.37705189715041,-8.729667009967173,-8.891384638739709,-8.729666557215078,-8.5129221001783,0.7976328655303314
-0.805,94.4453140412308,-8.797929154047566,-8.960774018424459,-8.79792869994453,-8.579516215069788,0.79771137265492
-0.81,94.51374747094437,-8.86636258376113,-9.030333130863497,-8.866362128327072,-8.646282479425352,0.7977915247773961
-0.815,94.58235085297699,-8.93496596579375,-9.100056124112854,-8.934965509092482,-8.713219735936946,0.7978711222899996
-0.82,94.65112160093612,-9.003736713752886,-9.169940220124914,-9.003736255862872,-8.780325141623749,0.7979496730065325
-0.825,94.72006596414239,-9.072681076959157,-9.23999907327675,-9.072680617924053,-8.847602075579658,0.798027779602339
-0.83,94.7891842322152,-9.14179934503197,-9.310232207066079,-9.141798884893891,-8.915050695970791,0.7981056025600632
-0.835,94.8584684014469,-9.211083514263663,-9.380633057009305,-9.211083053060273,-8.982648201429,0.7981856410196208
-0.84,94.92792474518575,-9.280539858002513,-9.451197082975739,-9.280539395757089,-9.050418175604648,0.7982683728321848
-0.845,94.9975548222418,-9.35016993505856,-9.521932433058268,-9.350169471792725,-9.118358511922352,0.798352923998334
-0.85,95.06735107535991,-9.419966188176673,-9.592842471942646,-9.419965723859951,-9.18645447210288,0.7984394038311728
-0.855,95.13731103782852,-9.489926150645289,-9.663916572922446,-9.489925685232171,-9.254722876725552,0.7985257894743641
-0.86,95.20744097673413,-9.560056089550898,-9.735145323338429,-9.560055623037844,-9.323162819269001,0.798617416800666
-0.865,95.27774095700056,-9.630356069817324,-9.806547726948793,-9.630355602200538,-9.391775063568758,0.7987080712482457
-0.87,95.3482109476144,-9.700826060431169,-9.878123171854128,-9.700825591706703,-9.460559714648,0.7987984514439245
-0.875,95.41885558676707,-9.77147069958383,-9.949872986834649,-9.771470229779723,-9.529516490236531,0.7988896010408431
-0.88,95.4896738786852,-9.84228899150196,-10.021797054536634,-9.84228852063936,-9.598644109231103,0.7989814686284569
-0.885,95.56066224175608,-9.913277354572841,-10.093892454625788,-9.913276882736918,-9.667944112378578,0.7990691539988167
-0.89,95.63182023942622,-9.984435352242983,-10.166160992882013,-9.984434879496675,-9.737414509619938,0.7991548976580907
-0.895,95.70314932494512,-10.05576443776188,-10.238604119360318,-10.055763964136734,-9.807056086085936,0.7992400771149059
-0.9,95.77464651675322,-10.127261629569986,-10.3112164828174,-10.127261155059596,-9.876861537578932,0.7993290046141956
-0.905,95.84631407741105,-10.198929190227815,-10.383992025933523,-10.198928714832821,-9.94683665028819,0.7994220743457671
-0.91,95.91814074905199,-10.27075586186875,-10.456903744806993,-10.27075538551038,-10.016969572739043,0.7995288756446274
-0.915,95.99012818875072,-10.34274330156748,-10.529966736043576,-10.342742824260672,-10.087267568682933,0.7996400254724596
-0.92,96.06228167625281,-10.414896789069573,-10.603199014368712,-10.414896310865041,-10.15773787412067,0.7997499484295791
-0.925,96.13460820731888,-10.48722332013564,-10.676605586036672,-10.487222841066085,-10.228374972975118,0.799860759161037
-0.93,96.20710766895228,-10.55972278176904,-10.750186449219882,-10.559722301851298,-10.299182003132316,0.7999722026067387
-0.935,96.27977823601513,-10.632393348831897,-10.823941603576102,-10.632392868131456,-10.370159083556388,0.8000807962127928
-0.94,96.35262239207552,-10.705237504892281,-10.897871035254042,-10.705237023463889,-10.441308431051354,0.8001882435695307
-0.945,96.42564096302249,-10.778256075839252,-10.971974730963936,-10.778255593710275,-10.512629394539857,0.800296532183859
-0.95,96.49883246817527,-10.85144758099203,-11.046252690603723,-10.851447098179642,-10.584121223891927,0.8004060195378595
-0.955,96.57218880444425,-10.924803917261016,-11.120703582151819,-10.92480343372647,-10.655781921428954,0.8005140666089025
-0.96,96.64571545173628,-10.998330564553044,-11.195323592869826,-10.998330080295393,-10.727612582647893,0.8006236993472055
-0.965,96.71941459094683,-11.07202970376359,-11.270110543629698,-11.072029218796953,-10.799615447164186,0.8007355389244621
-0.97,96.79328575040797,-11.145900863224739,-11.345063405003003,-11.145900377559977,-10.871790507175191,0.8008498010688494
-0.975,96.86733065353165,-11.219945766348417,-11.420189849881652,-11.219945280008265,-10.944135792848328,0.8009654000045381
-0.98,96.94154599088742,-11.294161103704184,-11.495485668518882,-11.294160616743318,-11.016648369950346,0.8010808768249364
-0.985,97.01592739647643,-11.368542509293192,-11.570933637979408,-11.368542021718932,-11.089321656354713,0.8012020504191938
-0.99,97.09047283013128,-11.44308794294804,-11.646508427813345,-11.443087454716323,-11.162163138223235,0.8013354106870728
-0.995,97.165186540738,-11.51780165355477,-11.722229908308151,-11.51780116466854,-11.235176743557275,0.8014746663229116
-1.0,97.24007030917882,-11.592685421995583,-11.798112133151193,-11.592684932460923,-11.308362466293929,0.8016168459722841
