lambda,oof_mse_clipped,gain_vs_internal_anchor,min_fold_gain,mean_fold_gain,max_fold_gain,fold_mse_std,test_mean,test_std,test_min,test_max
1.015,70.8011606501738,14.846224237009437,14.442496884824408,14.846224543325642,15.31095255523472,1.0648847481552999,54.1153722420697,24.496372729088883,0.0,100.0
1.01,70.80137797134728,14.846006915835957,14.445180600767046,14.846007223434663,15.308676947709642,1.0644790841063365,54.115559342383385,24.497274424129106,0.0,100.0
1.02,70.80165843419556,14.845726452987677,14.439083794673891,14.845726758052397,15.312521575029322,1.0653015440535845,54.11518473717798,24.495482863570782,0.0,100.0
1.005,70.8023144374446,14.845070449738643,14.447129412005467,14.845070758507322,15.305673401560483,1.064083644530999,54.11574600810218,24.498187891903896,0.0,100.0
1.025,70.80287937316633,14.844505514016902,14.43493972291563,14.84450581780546,15.313368730888726,1.0657232482548975,54.11499691217829,24.494603352710328,0.0,100.0
1.0,70.80397380941355,14.843411077769687,14.448343318539642,14.843411387685823,15.301942812007837,1.0636992291083447,54.115932113245,24.499112895497323,0.0,100.0
1.03,70.80482584932545,14.842559037857782,14.430060804287947,14.842559340329064,15.313486937522867,1.066151120664586,54.11480861767506,24.493734621465563,0.0,100.0
0.995,70.80635273636683,14.841032150816403,14.448822299346261,14.841032461852896,15.297484139862604,1.063326598420218,54.11611747619928,24.500049094236367,0.0,100.0
1.035,70.80749721949957,14.83988766768367,14.424450208648594,14.839887968800955,15.312876196036001,1.0665848588287117,54.11462009344024,24.492877961378817,0.0,100.0
0.99,70.80944851641496,14.837936370768276,14.448566240401519,14.837936682639086,15.292296367050113,1.0629538264546767,54.11630197692142,24.500996263132794,0.0,100.0
1.04,70.81089031543769,14.836494571745547,14.418119959401906,14.836494871493986,15.31153758022198,1.067024279905265,54.11443062978941,24.492032130007924,0.0,100.0
0.985,70.81326241868761,14.834122468495622,14.447575080109488,14.834122781086071,15.286398435498327,1.0625820914371589,54.11648628748344,24.501955659964874,0.0,100.0
1.045,70.81499831249792,14.832386574685316,14.411080068366402,14.832386873097198,15.309488641042279,1.0674694107621263,54.114240669063925,24.491197954489532,0.0,100.0
0.98,70.81779764813041,14.829587239052827,14.445848818348637,14.829587552319628,15.279785473114032,1.0622134104120164,54.11667034093345,24.50292715798145,0.0,100.0
1.05,70.81982344290586,14.827561444277379,14.403323913872413,14.82756174128123,15.306710839196427,1.067916885238133,54.1140506088505,24.490376180726486,0.0,100.0
0.975,70.8230561950581,14.824328692125135,14.443397256116228,14.824329006045124,15.272444278082574,1.0618491583668899,54.11685426398796,24.503910993087597,0.0,100.0
1.055,70.8253632183676,14.822021668815637,14.394845487646208,14.822021964406371,15.303208402046153,1.0683660950019505,54.11385957612845,24.48956517370691,0.0,100.0
0.97,70.82903480984093,14.818350077342302,14.44022182957977,14.818350391853832,15.264379905416718,1.0614873733828265,54.117035978138475,24.504903274715574,0.0,100.0
1.06,70.83162599639698,14.815758890786256,14.385638403863894,14.815759184908819,15.298978303933765,1.0688200810345092,54.113668222687146,24.48876615512451,0.0,100.0
0.965,70.83565395010308,14.811730937080156,14.436311234176358,14.811731252711468,15.25559305948019,1.0613006411263999,54.117216344492846,24.505905624874075,0.0,100.0
1.065,70.8386128593769,14.808772027806341,14.375698686475474,14.808772320429105,15.294023523290377,1.0692795265965802,54.113476378364254,24.487978807090816,0.0,100.0
0.96,70.8429939214976,14.804390965685641,14.43166546968547,14.804391282432011,15.246083467081732,1.0611276169843926,54.11739632545505,24.50691930736396,0.0,100.0
1.07,70.8463109374271,14.80107394975613,14.36509386093931,14.801074240936334,15.288340881828432,1.0697377305519058,54.11328372986058,24.48720182826748,0.0,100.0
0.955,70.85105595582412,14.796328931359113,14.426295175296545,14.796329249197758,15.235853437812011,1.0609577315062766,54.11757687461736,24.50794338296093,0.0,100.0
1.075,70.85473164856582,14.792653238617419,14.353755171512574,14.792653528250037,15.281929950399345,1.0702002576894571,54.113091131378006,24.48643675229523,0.0,100.0
0.95,70.85981656865307,14.787568318530163,14.420221216344586,14.787568637609297,15.224893822436144,1.0607837917491767,54.11775715733209,24.5089792631992,0.0,100.0
1.08,70.86387102648365,14.783513860699586,14.341684212171202,14.783514148667896,15.274796683790683,1.070664908691424,54.11289783854418,24.485682967050213,0.0,100.0
0.945,70.86929069963166,14.778094187551574,14.413449188295516,14.77809450791698,15.213204620590972,1.060611632722823,54.11793710539473,24.510027106540534,0.0,100.0
1.085,70.87372191552777,14.773662971655469,14.328930036251421,14.773663258006707,15.266947442108489,1.0711286465562946,54.11270325768164,24.484939359406237,0.0,100.0
0.94,70.87949080726334,14.767894079919898,14.405941512287953,14.767894401531393,15.20078583226831,1.0604458931397722,54.1181151795377,24.511084033041616,0.0,100.0
1.09,70.8842907628059,14.763094124377332,14.315469569352913,14.763094409109602,15.25837167631974,1.0715944646166178,54.11250851452061,24.484208039023013,0.0,100.0
0.935,70.89041623942481,14.756968647758427,14.39769789370824,14.756968970580374,15.187637457468142,1.0602868645209944,54.11829098203828,24.51214931604371,0.0,100.0
1.095,70.89557584509237,14.75180904209087,14.30127914701923,14.751809324966635,15.249067149272989,1.0720615252328927,54.11231201550551,24.483483981642525,0.0,100.0
0.93,70.90206518418184,14.7453197030014,14.388718231468843,14.745320027010683,15.173759496190456,1.0601385779563746,54.118466751274795,24.513227147661222,0.0,100.0
1.1,70.90757739075303,14.739807496430203,14.286362598572978,14.739807777365135,15.239041939585306,1.0725352350206312,54.112114892019214,24.48277055741953,0.0,100.0
0.925,70.91444058196807,14.73294430521517,14.379002492877234,14.732944630358563,15.159152632745077,1.059994726420532,54.1186423158122,24.51431720541361,0.0,100.0
1.105,70.9202961404293,14.727088746753935,14.27071562427372,14.727089025702005,15.228313134213565,1.0730117140149558,54.11191694462321,24.482068175629877,0.0,100.0
0.92,70.9275408099371,14.719844077246137,14.368551062250106,14.719844403479163,15.143818573820084,1.0598553420822396,54.11881799132191,24.51541889715198,0.0,100.0
1.11,70.93365035511262,14.713734532070617,14.254336150952724,14.713734809385887,15.217188214327138,1.0734483045869918,54.11171851167414,24.48137747080638,0.0,100.0
0.915,70.94136338368605,14.706021503497183,14.35736883791877,14.706021830801879,15.12776335259099,1.0597224102188214,54.11899387247664,24.516531792250795,0.0,100.0
1.115,70.94770575875026,14.699679128432976,14.23722358695413,14.699679404193933,15.205383063113132,1.0738785777134696,54.11151970460981,24.480698652559003,0.0,100.0
0.91,70.95591185955126,14.691473027631972,14.345451075706833,14.691473355968856,15.110983509831513,1.059593258900574,54.119169643823845,24.517656224611493,0.0,100.0
1.12,70.96248428268306,14.684900604500172,14.219378015757613,14.684900878666733,15.192855626364874,1.074314242514027,54.11132105061215,24.48003173991489,0.0,100.0
0.905,70.97118482528839,14.676200061894846,14.332799120074739,14.676200391234218,15.093480125444827,1.0594697025816677,54.11934494676333,24.518792384598754,0.0,100.0
1.125,70.97798055547129,14.669404331711945,14.200799467979252,14.669404604249777,15.179617318156588,1.074757882585233,54.11112285868815,24.479376140727325,0.0,100.0
0.9,70.98717651337748,14.660208373805759,14.319424271666549,14.660208704157663,15.075270177158401,1.059348990983285,54.119520123804776,24.519940911580946,0.0,100.0
1.13,70.99419726313478,14.653187624048456,14.181487944700123,14.653187894921976,15.165665855200615,1.075206305858613,54.11092449410133,24.47873168853288,0.0,100.0
0.895,71.00386057996226,14.643524307220972,14.305331710360946,14.64352463875682,15.056330140377824,1.0592147670547818,54.119694283238346,24.52110013609348,0.0,100.0
1.135,71.01109864593592,14.63628624124732,14.161444292314584,14.636286510329521,15.151057505462077,1.0756489373100084,54.11072582942966,24.478099263738457,0.0,100.0
0.89,71.02126287783092,14.626122009352315,14.290502886586665,14.62612234207333,15.036660802223324,1.0590850309602775,54.11986623229812,24.522267830711982,0.0,100.0
1.14,71.02869562537452,14.618689261808711,14.140734732372536,14.618689529132485,15.135721719867348,1.0761108184412496,54.110526916138255,24.477478963643566,0.0,100.0
0.885,71.03939058464972,14.607994302533513,14.274937798844178,14.607994636407122,15.016262811530638,1.058963436921611,54.12003748171646,24.523446823432227,0.0,100.0
1.145,71.04691277456958,14.600472112613659,14.119327395268684,14.600472378847744,15.119693394906164,1.0767696392801218,54.11032695785632,24.476869295499284,0.0,100.0
0.88,71.0582441927926,14.589140694390636,14.258636446836121,14.58914102936858,14.995139851641909,1.0588457430103746,54.12020800877565,24.524637070618102,0.0,100.0
1.15,71.06584006037414,14.581544826809093,14.097192470587302,14.581545091991277,15.102988171475744,1.0774317156249393,54.11012670243289,24.47627166091368,0.0,100.0
0.875,71.07782172540625,14.569563161776983,14.24159883029634,14.569563497825532,14.973291417399082,1.058735956570512,54.12037787354082,24.525838683572132,0.0,100.0
1.155,71.08548715535684,14.561897731826392,14.074333739592134,14.561897995922251,15.085557253704636,1.0781007624211392,54.109926358510485,24.475686451860263,0.0,100.0
0.87,71.09811353931208,14.549271347871155,14.22382562727553,14.549271685025127,14.950724719836657,1.0586424359901783,54.120545993826525,24.527049637868018,0.0,100.0
1.16,71.10585568112275,14.541529206060488,14.050747283707324,14.541529469029296,15.06739955278556,1.0787774356051734,54.109725913548445,24.47511357349629,0.0,100.0
0.865,71.1191304599547,14.528254427228532,14.205319012022585,14.528254765452786,14.92742807688694,1.0585538630409472,54.12071343281971,24.5282719220903,0.0,100.0
1.165,71.12694411099251,14.520440776190725,14.0264405432074,14.520441038015258,15.048515449051749,1.0794587021922866,54.10952551632372,24.47455140102093,0.0,100.0
0.86,71.1408741742051,14.506510712978141,14.186076118033583,14.506511052230604,14.903401056576513,1.0584699039088397,54.120880444236086,24.52950601057308,0.0,100.0
1.17,71.14875370421775,14.498631182965482,14.00140278608518,14.4986314436123,15.02890532887892,1.0801454120554308,54.10932482783159,24.473998674229776,0.0,100.0
0.855,71.163340844933,14.484044042250233,14.166105974955357,14.48404438242719,14.878643645461551,1.0583883064975943,54.121047352486926,24.530752508468364,0.0,100.0
1.175,71.17128264552896,14.476102241654274,13.97564545293858,14.476102501058023,15.008568431266838,1.080836501407446,54.109124202884274,24.47345833406035,0.0,100.0
0.85,71.18650711292975,14.46087777425349,14.145528106678768,14.460878115439774,14.85315584008174,1.0583007675520304,54.12121419302379,24.532011480218312,0.0,100.0
1.18,71.19452581133571,14.452859075847527,13.949176603788658,14.45285933402992,14.987507218270409,1.0815292881613165,54.10892325539228,24.472928605810782,0.0,100.0
0.845,71.21034477662137,14.437040110561867,14.1244877565385,14.437040453088049,14.826940998239152,1.0581972944753808,54.12138063128677,24.533282298344368,0.0,100.0
1.185,71.2184769055762,14.42890798160704,13.921977242396721,14.428908238631399,14.965772378363283,1.0822224015821287,54.108721870503835,24.472410647204963,0.0,100.0
0.84,71.23489012239502,14.412494764788221,14.102710609197302,14.412495108744242,14.800092609295504,1.0580877933377082,54.12154657489476,24.534564788576457,0.0,100.0
1.19,71.24313449968376,14.404250387499474,13.894045908413489,14.40425064343772,14.943382028661858,1.0829199121835693,54.10852029794513,24.471904927060347,0.0,100.0
0.835,71.26011745668059,14.387267430502646,14.080196660614547,14.38726777615758,14.772739455921084,1.0579540286951468,54.12171232662163,24.535859515353433,0.0,100.0
1.195,71.26850902625414,14.3788758609291,13.865382601839002,14.378876115779747,14.920267748576876,1.0836331782441424,54.1083184515667,24.47141128439408,0.0,100.0
0.83,71.28607085306972,14.36131403411352,14.056946334214288,14.361314381432441,14.74465529051227,1.057824314449844,54.121877110106205,24.537165025575092,0.0,100.0
1.2,71.29459642890734,14.352788458275896,13.835987379469131,14.352788712065365,14.896427867089301,1.084358069403609,54.108116225361066,24.470929520969843,0.0,100.0
0.825,71.31270917940611,14.334675707777123,14.032959744600333,14.334676057005836,14.71605391538425,1.0576715635349636,54.12203943179491,24.538478530602355,0.0,100.0
1.205,71.3214031889169,14.325981698266332,13.805860317364107,14.325981950938711,14.87186184351026,1.0850876337821178,54.107913378253855,24.470459185019426,0.0,100.0
0.82,71.340068944796,14.307315942387234,14.00823588291965,14.30731629352133,14.686754044679034,1.0575189652140247,54.1222005981504,24.53980247830792,0.0,100.0
1.21,71.34893047048647,14.29845441669677,13.775001415916051,14.298454668204442,14.846569679081455,1.0858261002220237,54.10771015481865,24.470000735624097,0.0,100.0
0.815,71.36815675442519,14.27922813275805,13.982774948109352,14.279228485748988,14.656722667991176,1.0573707508767232,54.12236041055312,24.541136497051742,0.0,100.0
1.215,71.37717636920695,14.270208517976286,13.743410686626618,14.270208768246798,14.820551374442857,1.086569611362506,54.107506853651024,24.46955473334866,0.0,100.0
0.81,71.39697118678332,14.250413700399918,13.956580294559387,14.250414055182464,14.625959702819245,1.0572261643916898,54.12251931612231,24.54248142403099,0.0,100.0
1.22,71.40613177393834,14.241253113244895,13.71109054657289,14.241253362292621,14.793816448643852,1.0873127256670536,54.107302890011695,24.469120081861597,0.0,100.0
0.805,71.42650826334766,14.22087662383558,13.929666301063136,14.220876980388573,14.594473071671302,1.0570834613863442,54.122677468132544,24.543837544804873,0.0,100.0
1.225,71.43580555039763,14.211579336785604,13.678042897312494,14.211579584522656,14.766357796226444,1.0880601298910912,54.10709723797711,24.46869485223669,0.0,100.0
0.8,71.45676955707283,14.190615330110404,13.902015131784054,14.190615688412162,14.562265175765134,1.0569478300460753,54.12283553055227,24.545206098902323,0.0,100.0
1.23,71.46620062489804,14.1811842622852,13.644263486662481,14.181184508672748,14.738173934173176,1.0888148534763948,54.106891116717684,24.468281329571667,0.0,100.0
0.795,71.48775811501564,14.159626772167599,13.873626601639543,14.159627132175762,14.529328509128263,1.0568169155083762,54.12299340366388,24.546586897919354,0.0,100.0
1.235,71.49731060453101,14.150074282652227,13.609752314622824,14.15007452767702,14.709263963948544,1.0895867545515663,54.10668324195972,24.467877103470034,0.0,100.0
0.79,71.5194687330769,14.12791615410633,13.844506536458795,14.127916515708545,14.495669724842699,1.056686564920683,54.12315070386895,24.5479792231178,0.0,100.0
1.24,71.52913211224784,14.1182527749354,13.574509381219812,14.118253018529654,14.679627896567666,1.090372639897601,54.106474876570864,24.46748453974574,0.0,100.0
0.785,71.55190482838879,14.09548005879445,13.814657717369812,14.095480421917433,14.461278061413097,1.0565591947725725,54.12330776399455,24.549382013963537,0.0,100.0
1.245,71.56166790350953,14.085716983673706,13.53856185118535,14.085717225802489,14.649265890134842,1.091160642249331,54.10626584060493,24.467102477229965,0.0,100.0
0.78,71.58506936772187,14.062315519461364,13.78407148908724,14.062315884052097,14.42615325406149,1.0564362245037755,54.123464682247,24.55079684996507,0.0,100.0
1.25,71.5948957076946,14.052489179488632,13.502022608679567,14.052489420302757,14.618178084903775,1.0919418193307648,54.106057483017665,24.466728442341296,0.0,100.0
0.775,71.61895993998,14.028424947203234,13.752747793980248,14.02842531322916,14.390306142804434,1.0563170037970526,54.123621600499426,24.552224278061235,0.0,100.0
1.255,71.62880864774098,14.018576239442254,13.464870085495477,14.018576478770871,14.586371197816376,1.0927095146940329,54.10584883867611,24.466366445873554,0.0,100.0
0.77,71.65357614078926,13.99380874639398,13.720693619822313,13.993809113825318,14.353727100534158,1.056202949896334,54.12377800256539,24.55366333169708,0.0,100.0
1.26,71.66339628136417,13.983988605819064,13.4271546066838,13.983988843522766,14.553841669991584,1.0934553490219643,54.10564013694771,24.466016918561717,0.0,100.0
0.765,71.6889202440893,13.958464643093933,13.687903463003693,13.95846501187122,14.316414822484901,1.0560929587952816,54.12393409076864,24.555114387026364,0.0,100.0
1.265,71.6987046095504,13.948680277632832,13.38871425009809,13.948680513672262,14.520586312832393,1.0942065722381251,54.10543122263625,24.465679569790275,0.0,100.0
0.76,71.72498762079724,13.922397266386,13.654392044467329,13.922397636480008,14.27837224830607,1.0559880829433967,54.12408970696897,24.5565771466788,0.0,100.0
1.27,71.73471187552416,13.91267301165908,13.349544650426708,13.912673246114746,14.486605213629772,1.0950020030445082,54.10522145766325,24.465353202610185,0.0,100.0
0.755,71.76178088184507,13.885604005338166,13.620142611551472,13.885604376717492,14.239609523433458,1.055886456967575,54.12424500872468,24.55805190310377,0.0,100.0
1.275,71.77143682508974,13.8759480620935,13.309650251224042,13.875948294914712,14.451900334200715,1.0958059331003933,54.1050108880028,24.46503790284202,0.0,100.0
0.75,71.79929626915981,13.848088618023425,13.585165796883345,13.848088990682857,14.20012428858044,1.0557864873206586,54.124400218717255,24.55953907017123,0.0,100.0
1.28,71.80887706033515,13.838507826848087,13.26905128180583,13.83850805801946,14.416471604875213,1.0966137403707525,54.1047982000069,24.464731202787007,0.0,100.0
0.745,71.83753747072451,13.809847416458723,13.549458576279179,13.809847790360763,14.159905641813054,1.0556920499948232,54.12455442207205,24.561036937530446,0.0,100.0
1.285,71.84703875880282,13.800346128380411,13.227722794815648,13.800346357859159,14.380317817940181,1.0974279044695925,54.10458507757969,24.464436257368952,0.0,100.0
0.74,71.87650577000731,13.770879117175923,13.513013248624247,13.770879492251535,14.118953486983159,1.0556034030622128,54.12470751451342,24.56254530996772,0.0,100.0
1.29,71.88589732643258,13.761487560750652,13.185735793194581,13.761487788667193,14.343439662537023,1.0982370378764932,54.10437149281002,24.464153014319244,0.0,100.0
0.735,71.9161967839461,13.73118810323713,13.475829813918523,13.731188479431106,14.077267823505906,1.0555156203367921,54.12485958117939,24.564064345941723,0.0,100.0
1.295,71.92546657397287,13.721918313210367,13.14304141691241,13.721918539534409,14.305846092821,1.0990481757925628,54.10415704361752,24.46388071873427,0.0,100.0
0.73,71.95661104710626,13.690773840076972,13.437908409417915,13.690774217232729,14.034848649626127,1.0554286182845718,54.12501142088048,24.565595535714692,0.0,100.0
1.3,71.9657405639129,13.681644323270334,13.099668099761232,13.681644547984414,14.26754002760596,1.099859030645481,54.10394164303325,24.463619206312174,0.0,100.0
0.725,71.99773297882155,13.64965190836169,13.399249485721782,13.649652286571566,13.991728273310585,1.0553740631641024,54.1251631488763,24.56713909227609,0.0,100.0
1.305,72.00672278646528,13.640662100717961,13.05557799415567,13.640662323873656,14.228553110513957,1.1006749026888236,54.103726137857414,24.46337006517773,0.0,100.0
0.72,72.03957712507766,13.60780776210558,13.359852511713797,13.60780814126203,13.947890567835458,1.0553209241882138,54.12531411755199,24.568693804580324,0.0,100.0
1.31,72.04841004064588,13.59897484653736,13.010768442771592,13.598975068153061,14.188904668126284,1.1014898697018007,54.10351012891404,24.463132546598906,0.0,100.0
0.715,72.0821446348114,13.565240252371837,13.319717435195557,13.565240632410655,13.903340001792273,1.0552683370063578,54.12546503681316,24.57026099634435,0.0,100.0
1.315,72.09076040535281,13.556624481830426,12.965265851340277,13.556624702225923,14.148537240533273,1.1022793100224364,54.10329381337877,24.462907020609997,0.0,100.0
0.71,72.12543897187,13.521945915313239,13.278847133595733,13.521946296198735,13.85805891456539,1.0552189761640463,54.12561578242871,24.571840433281,0.0,100.0
1.32,72.13380116747793,13.51358371970531,12.919053218468747,13.513583939054499,14.107456209603825,1.1030579435181076,54.10307621344864,24.46269165001745,0.0,100.0
0.705,72.169458717863,13.477926169320241,13.237240529238221,13.47792655094597,13.812045914169602,1.0551729960351177,54.12576631057211,24.573432031277,0.0,100.0
1.325,72.17755205405285,13.469832833130383,12.872123381716975,13.469833051428925,14.065681251586213,1.1038373723732635,54.102858613518514,24.46248884324073,0.0,100.0
0.7,72.21420430800113,13.433180579182107,13.194895775944005,13.433180961415232,13.765300634400049,1.0551289768284564,54.12591681814036,24.575035293756837,0.0,100.0
1.33,72.22200128109922,13.425383606084011,12.824465062106725,13.425383823408191,14.023265373693448,1.104613377583387,54.10263970878868,24.46229615103187,0.0,100.0
0.695,72.25967797349134,13.3877069136919,13.1518129918109,13.38770729645849,13.717820735982698,1.0550896085189305,54.126067197136265,24.576650472798086,0.0,100.0
1.335,72.26716569903408,13.380219188149155,12.776080095839632,13.380219404501512,13.980131943309871,1.1053959784808867,54.10242027481421,24.462115027062065,0.0,100.0
0.69,72.305878856414,13.341506030769239,13.107996640687787,13.341506413991087,13.669604881549105,1.0550541494008805,54.12621754309578,24.578278150726405,0.0,100.0
1.34,72.31304519134972,13.33433969583352,12.726968104997482,13.334339911192979,13.936286649098307,1.1061876485723867,54.102200747464096,24.461946289227864,0.0,100.0
0.685,72.35280846113623,13.294576426047001,13.063442218700558,13.294576809658585,13.620653430072693,1.0550228417291667,54.12636769269013,24.579918020261967,0.0,100.0
1.345,72.35963814388877,13.287746743294463,12.677131746637102,13.28774695765324,13.891737441313651,1.1069829366980453,54.10198099380228,24.461789688298186,0.0,100.0
0.68,72.4004598092013,13.246925077981942,13.018150820830556,13.24692546198049,13.570967422580367,1.0549987230877442,54.12651757917657,24.581568605854013,0.0,100.0
1.35,72.40691559896017,13.240469288223068,12.626569306835762,13.240469501745205,13.846475275855582,1.1077648641044295,54.10176102521396,24.461645245650885,0.0,100.0
0.675,72.44883673443485,13.198548152748387,12.972126448261946,13.198548537101818,13.520545387238016,1.054982383518533,54.12666708102742,24.583230626815553,0.0,100.0
1.355,72.45488093300122,13.192503954182015,12.575291636794802,13.192504167021244,13.800500721447307,1.108535837723399,54.10154024346399,24.46151183875451,0.0,100.0
0.67,72.49794202762244,13.149442859560793,12.92536827739984,13.149443244225784,13.46938729531226,1.0549700181888777,54.12681600429825,24.584904120509144,0.0,100.0
1.36,72.50354563199816,13.143839255185071,12.523289577731063,13.14383946734263,13.753805705247643,1.1093023001758617,54.10131757611757,24.4613874525708,0.0,100.0
0.665,72.54777468179178,13.099610205391457,12.877880030907335,13.099610590330334,13.417493134315905,1.0549623376814519,54.12696461177184,24.586589575193564,0.0,100.0
1.365,72.55288662677856,13.094498260404677,12.470559755022748,13.09449847094021,13.70639478672939,1.110056229725662,54.10109435291031,24.46127457849844,0.0,100.0
0.66,72.59833511137676,13.04904977580648,12.82965349206998,13.049050160968116,13.364863463457098,1.0549625323211804,54.12711346245085,24.5882867772586,0.0,100.0
1.37,72.60293214014472,13.04445274703852,12.417101712992036,13.044452955878658,13.65826647479848,1.1108275588321235,54.100870952654006,24.461173927103452,0.0,100.0
0.655,72.6496247154564,12.997760171726839,12.780688659998404,12.997760557062383,13.311501053840843,1.0549669019740322,54.12726203634393,24.58999553569298,0.0,100.0
1.375,72.65369256320145,12.99369232398179,12.362915451638926,12.993692531071414,13.609429561384232,1.111602681407377,54.10064678796818,24.46108439598934,0.0,100.0
0.65,72.70164263261078,12.945742254572451,12.730990277786034,12.945742640031858,13.257403138333501,1.0549751455081744,54.127409253833044,24.59171431040951,0.0,100.0
1.38,72.70515616381925,12.942228723363982,12.308000970963406,12.942228928636563,13.559870783415946,1.1123745726236711,54.10042202573886,24.461006297736006,0.0,100.0
0.645,72.75438512771326,12.892999759469973,12.680564195803413,12.893000145012433,13.202569100292095,1.0549855204876584,54.12755537644913,24.59344358904752,0.0,100.0
1.385,72.75726343104402,12.890121456139212,12.252359266096335,12.890121659973449,13.509615010037194,1.1131185855213896,54.10019513755067,24.460936762141447,0.0,100.0
0.64,72.80785456247274,12.839530324710495,12.629399765142765,12.839530710207034,13.146998938982833,1.0549990554400666,54.12770046082041,24.595183477900303,0.0,100.0
1.39,72.81004655101594,12.837338336167292,12.195995275203686,12.837338538526254,13.458663572241917,1.1138979911768616,54.09996691110178,24.460877262703654,0.0,100.0
0.635,72.86205253146113,12.785332355722105,12.577496985774019,12.785332741098106,13.090692533556862,1.0550177659079722,54.127845525666196,24.596935875140282,0.0,100.0
1.395,72.86350828395037,12.78387660323287,12.13890995416719,12.78387680400294,13.406999601151355,1.1147275764272666,54.09973814970317,24.46082930581264,0.0,100.0
0.63,72.91697964452214,12.730405242661092,12.52485585769719,12.730405627862632,13.033653240248455,1.0550403967735464,54.127990538571524,24.598700717649606,0.0,100.0
1.4,72.91767834568941,12.729706541493826,12.081108815167354,12.729706740714269,13.354650303215834,1.115559808346915,54.09950743026673,24.460789588573686,0.0,100.0
1.405,72.97254951057228,12.674835376610957,12.022599739382485,12.6748355743433,13.301632235838667,1.1163941077977912,54.099277090416166,24.4607597268327,0.0,100.0
0.625,72.97263682583481,12.674748061348424,12.47147638091225,12.674748446322093,12.975877310650915,1.0550676838505681,54.12813497172493,24.60047701882956,0.0,100.0
1.41,73.028131156227,12.619253730956231,11.963369425561538,12.619253927039662,13.247894293700512,1.1172296470163074,54.09904715349565,24.46073929298313,0.0,100.0
0.62,73.02902387383739,12.618361013345847,12.417358555419213,12.618361398039607,12.917364736473317,1.0551000945896933,54.12827908196943,24.602265255454757,0.0,100.0
1.415,73.08442264088852,12.562962246294717,11.903419547711522,12.562962440596511,13.193436482452611,1.1180660740435626,54.098817162025576,24.460730795956206,0.0,100.0
0.615,73.08613962168218,12.561245265501057,12.362502332586715,12.561245649871035,12.858115513898383,1.0551378271550802,54.12842312973511,24.604065910566035,0.0,100.0
1.42,73.14142218457309,12.505962702610148,11.84274209351382,12.505962895117287,13.138260765544956,1.1189045177411125,54.09858379606684,24.460728497089107,0.0,100.0
0.61,73.14398167784364,12.503403209339595,12.306920096781184,12.503403593358389,12.798129635229685,1.0551799799275305,54.128566170956,24.605877222272436,0.0,100.0
1.425,73.19911304878758,12.448271838395655,11.781353785682228,12.44827202889554,13.082378725196762,1.119736078470175,54.09835000427432,24.46073560032175,0.0,100.0
0.605,73.20255100363642,12.44483388354682,12.250604843432981,12.444834267180486,12.73740790721007,1.0552273411963549,54.128708959048666,24.60770059362568,0.0,100.0
1.43,73.25748213561782,12.389902751565415,11.71924935734721,12.38990293929476,13.025794738843487,1.120562819670164,54.09811471950403,24.460750654544103,0.0,100.0
0.6,73.261842543995,12.385542343188234,12.193562758404198,12.385542726410517,12.675973706987492,1.0552745633053073,54.128850994157126,24.6095350904446,0.0,100.0
1.435,73.31654594937314,12.3308389378101,11.65642707012698,12.330839122800796,12.968518207842124,1.1214006617974623,54.09787918486836,24.46077773465064,0.0,100.0
0.595,73.32185047165035,12.325534415532886,12.135792750730616,12.325534798000763,12.61380570448516,1.0553179375846744,54.12899288660097,24.611381847948405,0.0,100.0
1.44,73.37632215279154,12.271062734391691,11.592877715216162,12.271062916650697,12.910539293776012,1.122245886416824,54.09764365023268,24.460817330020248,0.0,100.0
0.59,73.38255364738467,12.264831239798568,12.077301593783446,12.264831620675617,12.55090852194023,1.0553437898266222,54.129134779044804,24.613241129278983,0.0,100.0
1.445,73.43681020602169,12.210574681161546,11.528613279473518,12.210574860699442,12.851845862470327,1.1230937892351853,54.09740790107624,24.46086903798294,0.0,100.0
0.585,73.44394948464215,12.20343540254109,12.018080796613788,12.203435780868446,12.48728197453535,1.0553497021655032,54.129276671488654,24.6151129315984,0.0,100.0
1.45,73.49801161568953,12.149373271493701,11.463629692735125,12.14937344828714,12.792435281062922,1.1239497730231849,54.0971718187806,24.460932635514755,0.0,100.0
0.58,73.50607329922275,12.141311587960487,11.958120549480185,12.141311963681545,12.42292143070597,1.0553626251731876,54.129418265369445,24.616996695804406,0.0,100.0
1.455,73.55991726328558,12.087467623897652,11.397957241300901,12.087467797955622,12.732308412165409,1.1248137763723072,54.09693568136292,24.46100734084998,0.0,100.0
0.575,73.56892673909542,12.078458148087819,11.897420852382723,12.078458521171664,12.35782350825312,1.0553840187463241,54.12955949140438,24.618892290691214,0.0,100.0
1.46,73.62250299504285,12.024881892140385,11.33155746572821,12.024882062665785,12.671493390882077,1.1256684325987072,54.09669755726589,24.46109018293302,0.0,100.0
0.57,73.63251113230197,12.014873754881265,11.835982177631337,12.01487412529514,12.29198820364131,1.0554113275269064,54.12970050555903,24.620799818984764,0.0,100.0
1.465,73.68572668549463,11.961658201688607,11.264430323053261,11.961658367661286,12.610114707352395,1.12649896999715,54.09645955358496,24.461184100033037,0.0,100.0
0.565,73.69682348441602,11.950561402767221,11.77381879628497,11.950561770499414,12.225415481656313,1.0554442459903106,54.12984072250693,24.62271783163522,0.0,100.0
1.47,73.74965669265673,11.897728194526508,11.196576325480223,11.897728355932657,12.548019584109042,1.1273370586432387,54.09622058269605,24.461281788277528,0.0,100.0
0.56,73.76186693260317,11.885517954580067,11.710915866136375,11.885518319590151,12.15810533061078,1.0554822493549185,54.129980512917015,24.624647559241165,0.0,100.0
1.475,73.81428706042952,11.833097826753715,11.127996962289416,11.833097983634634,12.485206001653296,1.1281736657627646,54.09597688658623,24.461383084772304,0.0,100.0
0.555,73.82762903879448,11.819755848388752,11.647332839253579,11.819756210726814,12.090057750474315,1.055522478280985,54.1301202055513,24.626589611542443,0.0,100.0
1.48,73.87960733456697,11.767777552616266,11.058712790829148,11.767777704754153,12.421687583094126,1.1290015179845978,54.09573034184191,24.46149149650721,0.0,100.0
0.55,73.89411843724922,11.753266449934017,11.583020737015545,11.753266809589581,12.02128240390499,1.0555660222249248,54.13025989818559,24.628544167733704,0.0,100.0
1.485,73.9456345791755,11.701750308007732,10.98870140638995,11.701750455435525,12.357473020376275,1.129840791121525,54.09548311326392,24.46161108308986,0.0,100.0
0.545,73.96129910040287,11.686085786780367,11.517969696008109,11.686086143805042,11.951942265924743,1.0555842063432597,54.13039942172496,24.630510909959423,0.0,100.0
1.49,74.0123485905512,11.635036296632038,10.91796280897178,11.635036439026067,12.29253984369349,1.1306721966697317,54.09523567007887,24.461742724678302,0.0,100.0
0.54,74.02919276951779,11.618192117665444,11.452238261365551,11.61819247214361,11.88189657847066,1.05559994141941,54.13053880192864,24.63248988332737,0.0,100.0
1.495,74.0796650180538,11.567719869129434,10.846508996044477,11.567720003423826,12.226888053401396,1.131442134323437,54.094988631364195,24.461885566208895,0.0,100.0
0.535,74.09781068246654,11.549574204716691,11.385794183079057,11.54957455665254,11.811121027986331,1.0556183678176019,54.13067814058082,24.634481274451513,0.0,100.0
1.5,74.14765959554413,11.499725291639109,10.774331758663706,11.499725416810104,12.16051765625852,1.1322008100164591,54.09474169536169,24.462040144959676,0.0,100.0
0.53,74.1671581580156,11.48022672916764,11.318609691093755,11.480227078480132,11.739609757724168,1.055640625003114,54.130817473584166,24.636485147168035,0.0,100.0
0.525,74.23723696874853,11.410147918434703,11.250684776806708,11.41014826508347,11.667360303404521,1.055668433806486,54.1309566794696,24.63850127231128,0.0,100.0
0.52,74.30804526908518,11.339339618098052,11.182019426521961,11.339339962062365,11.594374669829861,1.0557045362182602,54.131095615501074,24.64052938122425,0.0,100.0
0.515,74.3795840543736,11.267800832809641,11.112613637947689,11.267801174061963,11.52065447509095,1.0557450633966134,54.13123397364577,24.64256889797682,0.0,100.0
0.51,74.45185241592074,11.195532471262496,11.042467370825491,11.195532809773047,11.446195868075563,1.0557907618264972,54.13137190999473,24.644620110845672,0.0,100.0
0.505,74.52484690823627,11.122537978946966,10.971580605563375,11.122538314707942,11.370998848783728,1.0558424747586488,54.13150932301904,24.64668282818341,0.0,100.0
0.5,74.59857289850997,11.048811988673265,10.8999533420577,11.048812321649626,11.295063417184394,1.0558993019343377,54.13164518568226,24.648755127780007,0.0,100.0
0.495,74.67303086037063,10.974354026812605,10.827585579383623,10.974354356966973,11.21838957014863,1.0559614945196913,54.13178019531952,24.650837802071525,0.0,100.0
0.49,74.74821946659542,10.89916542058782,10.754477627130981,10.899165747892024,11.140978840984687,1.0560282654914581,54.13191464529304,24.652931908533585,0.0,100.0
0.485,74.8241331176704,10.823251769512837,10.680632856668282,10.823252093977354,11.062830460609646,1.0560986419374063,54.132047669255705,24.655035833780637,0.0,100.0
0.48,74.9007784194666,10.746606467716632,10.606047584327968,10.74660678930671,10.983943250965226,1.0561754459295718,54.13217989331273,24.657150741857638,0.0,100.0
0.475,74.97815278943398,10.669232097749259,10.530721809138356,10.66923241644837,10.9043241019058,1.0562556665352636,54.13231211736975,24.659278118042028,0.0,100.0
0.47,75.05625735969757,10.591127527485668,10.454657919081924,10.591127843269456,10.823967877434796,1.0563407704452636,54.13244429397829,24.661417870859875,0.0,100.0
0.465,75.13509315903443,10.51229172814881,10.377857356884462,10.51229204098588,10.742872650541855,1.0564317192257917,54.132575806491104,24.6635688505467,0.0,100.0
0.46,75.21466121379635,10.432723673386889,10.30031614416589,10.432723983238755,10.661038420438246,1.0565281465618095,54.13270698010613,24.665731659566074,0.0,100.0
0.455,75.29493859692408,10.352446290259152,10.222034276360816,10.352446597245585,10.57846518621271,1.0566599857343602,54.13283855220776,24.667905650087878,0.0,100.0
0.45,75.3758557466209,10.271529140562336,10.14301174323947,10.27152944523873,10.49515293958764,1.0568837884173283,54.13296946949046,24.670090142027803,0.0,100.0
0.445,75.45750440172392,10.189880485459312,10.063248535250949,10.189880787760927,10.411102572116604,1.0571116556143951,54.13309960808644,24.672285638432335,0.0,100.0
0.44,75.53988156711243,10.107503320070805,9.982744646656613,10.107503619983072,10.326329108366664,1.0573411826622434,54.133229704748935,24.674493506064792,0.0,100.0
0.435,75.62298684638043,10.024398040802808,9.901500077165593,10.024398338213922,10.240822985732294,1.0575723557786936,54.133359495745395,24.676713251454135,0.0,100.0
0.43,75.70682303246181,9.940561854721423,9.819514826410824,9.940562149541543,10.154577629054558,1.0578072126974767,54.13348878307831,24.67894450364339,0.0,100.0
0.425,75.79139105066841,9.855993836514827,9.736788830191898,9.855994128693373,10.067593034718186,1.0580464066579307,54.13361781763552,24.68118772588674,0.0,100.0
0.42,75.87669012057229,9.770694766610944,9.653321975216713,9.770695056078859,9.979869198783135,1.0582894259044673,54.13374685219273,24.683443384688655,0.0,100.0
0.415,75.9627211595409,9.68466372764233,9.569114967874953,9.684664014366367,9.891406116675682,1.0585387791953322,54.13387588674995,24.68571147663996,0.0,100.0
0.41,76.04948267637532,9.597902210807916,9.48416908646108,9.597902494765142,9.80220378649723,1.0587949262965468,54.13400491016834,24.6879919776201,0.0,100.0
0.405,76.13697700482865,9.510407882354585,9.398482213245387,9.510408163505954,9.712262521134733,1.059055907989492,54.134133418650286,24.69028394842064,0.0,100.0
0.4,76.22520399501991,9.422180892163325,9.312054348090712,9.422181170468388,9.621582794939997,1.059321603046225,54.13426149358008,24.6925875373458,0.0,100.0
0.395,76.31416353985264,9.333221347330593,9.22488549005159,9.333221622745537,9.530163785187895,1.059591990453145,54.13438881128162,24.694902140683897,0.0,100.0
0.39,76.4038558553212,9.243529031862039,9.13697563860616,9.243529304350355,9.43800574779442,1.059867157411,54.134515285517566,24.697227595540202,0.0,100.0
0.385,76.4942784619927,9.15310642519053,9.048324789861155,9.153106694734031,9.345117074001323,1.0601469361204316,54.13464163665303,24.69956523677755,0.0,100.0
0.38,76.58542526658974,9.061959620593498,8.958933862669483,9.06195988721612,9.25149117497557,1.0604492573641737,54.13476782385227,24.701914985144054,0.0,100.0
0.375,76.67730441867674,8.970080468506495,8.868804821286389,8.970080732172747,9.157126256709361,1.0607562483723203,54.134893162666025,24.70427556699192,0.0,100.0
0.37,76.76991662021925,8.877468266963987,8.777934674957379,8.877468527634445,9.062021949255083,1.0610680716989933,54.135018176906314,24.706647952092588,0.0,100.0
0.365,76.86326195671681,8.784122930466424,8.686323399126934,8.784123188103408,8.966178220692825,1.0613847734175177,54.135143001572274,24.709032258040736,0.0,100.0
0.36,76.9573401155014,8.69004477168184,8.593972617115725,8.690045026249873,8.869595055589755,1.0617062968615192,54.13526774983631,24.71142837387655,0.0,100.0
0.355,77.05215059963749,8.59523428754575,8.500881075375318,8.595234538987839,8.77227263726337,1.0620321606197427,54.13539204098746,24.713836037286665,0.0,100.0
0.35,77.14769113109828,8.499693756084952,8.407049608626721,8.499694004343107,8.674219141298678,1.0623605906649332,54.135515526588804,24.71625459867216,0.0,100.0
0.345,77.24395865498629,8.40342623219695,8.312479590277107,8.403426477132035,8.5754336614621,1.0626897910632505,54.135637145602246,24.71868208952952,0.0,100.0
0.34,77.34095089415861,8.306433993024626,8.217172598573725,8.306434234624883,8.47594219728596,1.0630171915575772,54.13575868809446,24.721121831188402,0.0,100.0
0.335,77.43863879867072,8.208746088512513,8.121124257210795,8.208746326895925,8.375884128516276,1.0633166672626309,54.13587977195014,24.72357311127308,0.0,100.0
0.33,77.53706018646524,8.110324700717996,8.0243345235138,8.110324935852692,8.275085830072939,1.0636213827936967,54.13600046475274,24.726036051945986,0.0,100.0
0.325,77.63621468203526,8.011170205147977,7.926803386844952,8.01117043700474,8.173548538248866,1.0639314095321162,54.136121027399014,24.728511133673152,0.0,100.0
0.32,77.73610200499323,7.911282882190008,7.82853081653009,7.911283110733464,8.071273163133753,1.0642461656057651,54.136241252888404,24.73099796903546,0.0,100.0
0.315,77.83672210461651,7.810662782566723,7.7295167602595996,7.810663007747147,7.968258651952027,1.0645652371059713,54.13636122813037,24.733496715850748,0.0,100.0
0.31,77.93807507404351,7.7093098131397255,7.629761212845807,7.7093100349260935,7.8645074090880485,1.064888554747569,54.136481016900305,24.73600748881465,0.0,100.0
0.305,78.04011503119038,7.607269855992854,7.52926417209072,7.607270074638788,7.760020960620594,1.0653124603608415,54.136600683403266,24.738530403360418,0.0,100.0
0.3,78.14288524077998,7.504499646403261,7.428025637980355,7.50449986184673,7.654793963875065,1.0657446895089022,54.13672013596753,24.741065285916367,0.0,100.0
0.295,78.24638366156071,7.401001225622522,7.326045607629268,7.401001437849226,7.548826418851505,1.0661924237716005,54.136838086369245,24.743609746601567,0.0,100.0
0.29,78.35061608409177,7.296768803091467,7.223324062962632,7.296769012067631,7.442118324785014,1.0666447498148,54.13695534935249,24.746165295672228,0.0,100.0
0.285,78.45558168779732,7.191803199385916,7.11986099097642,7.191803405067381,7.33466967406234,1.0671011662367118,54.13707303620367,24.748731939551757,0.0,100.0
0.28,78.56128108556024,7.086103801622997,7.015656391175781,7.086104003977875,7.2264804596462255,1.0675620315502945,54.137190826804996,24.75130977109312,0.0,100.0
0.275,78.66771434025237,6.979670546930862,6.910710262402645,6.979670745927035,7.117551800290428,1.0680272173305427,54.137308009957486,24.753898830491657,0.0,100.0
0.27,78.77487554036202,6.872509346821218,6.805022591502791,6.872509542467921,7.007913586225598,1.0684910998511383,54.137424354387406,24.756498686585953,0.0,100.0
0.265,78.88277040656945,6.764614480613787,6.698593373165451,6.764614672881265,6.897537114078801,1.0689590404487477,54.137537897971455,24.75910570923375,0.0,100.0
0.26,78.9913988099093,6.655986077273937,6.591422605007992,6.655986266133428,6.786419931522261,1.0694328582551678,54.13765028922996,24.761722958786514,0.0,100.0
0.255,79.10073722290133,6.546647664281906,6.483514410782405,6.5466478498670515,6.674667861028652,1.0698962098294267,54.13775990376999,24.764347433028426,0.0,100.0
0.25,79.21080161176123,6.436583275422009,6.374886542286632,6.43658345775656,6.562194940219229,1.070359724865537,54.137868855920225,24.766983048680604,0.0,100.0
0.245,79.3216003504491,6.325784536734133,6.265517013467672,6.3257847157822455,6.448981047730342,1.0708274938759488,54.13797763723431,24.769630712467272,0.0,100.0
0.24,79.43313343888472,6.214251448298512,6.155405806293473,6.214251624024138,6.335026183229502,1.0712995156708616,54.138086195615486,24.772290324153406,0.0,100.0
0.235,79.54540027841607,6.101984608767168,6.044552864276994,6.10198478114057,6.220333720311061,1.0717751980520092,54.13819451987712,24.774961859241753,0.0,100.0
0.23,79.65840099540567,5.988983891777565,5.932958167673618,5.988984060768175,6.104902720983006,1.0722548703047987,54.13830245969344,24.777645035733897,0.0,100.0
0.225,79.77213472773721,5.875250159446026,5.820621909828901,5.875250325029256,5.988730728519059,1.0727417882390184,54.138409892609815,24.78033962343004,0.0,100.0
0.22,79.88659935717084,5.760785530012399,5.707544158254677,5.760785692178297,5.8718177340567905,1.0732390942669412,54.138516733311654,24.783045461190117,0.0,100.0
0.215,80.00179724656581,5.645587640617421,5.593724474526127,5.645587799340021,5.754163713275048,1.0737434200265286,54.13862337859566,24.785763279735114,0.0,100.0
0.21,80.1177295765735,5.529655310609741,5.479162795782301,5.529655465855177,5.635768660512099,1.074252260726194,54.13872951301769,24.78849249168194,0.0,100.0
0.205,80.23439638173694,5.412988505446293,5.363859102847172,5.412988657180423,5.516632572443243,1.0747655644808967,54.13883501091505,24.791232861091288,0.0,100.0
0.2,80.3517977938831,5.295587093300142,5.24781337885949,5.29558724148797,5.396755409766655,1.0752831129765037,54.13893997134353,24.793984567752958,0.0,100.0
0.195,80.46993385036868,5.17745103681456,5.131025548069047,5.177451181421065,5.276137133618249,1.0758049105997438,54.1390438980703,24.796746690640667,0.0,100.0
0.19,80.58880433028699,5.058580556896246,5.013496843143571,5.058580697888033,5.154777657543349,1.0763309559591474,54.13914652198209,24.799518729713576,0.0,100.0
0.185,80.70840908504829,4.938975802134948,4.895228147903964,4.93897593947977,5.03267687250883,1.0768612647936253,54.13924847110631,24.802301843373172,0.0,100.0
0.18,80.82874854034493,4.8186363468383036,4.776217255012142,4.818636480500237,4.909834775695444,1.0773958556130068,54.13935034167699,24.805097130391573,0.0,100.0
0.175,80.94982281318524,4.697562073998,4.656464142559102,4.697562203943397,4.786251264035371,1.0779348053283806,54.139451859869034,24.807904080502844,0.0,100.0
0.17,81.07163177582662,4.575753111356619,4.535968802293311,4.575753237553883,4.661926619322017,1.078478309853923,54.13955303771843,24.810722712138638,0.0,100.0
0.165,81.19416639975935,4.453218487423882,4.4147732911331445,4.453218609903729,4.536862941570959,1.0790259167367389,54.1396540780886,24.81355339633721,0.0,100.0
0.16,81.3174333849711,4.32995150221214,4.292848227205397,4.329951620959139,4.41105773629468,1.0795777613079778,54.13975425407441,24.816394785899877,0.0,100.0
0.155,81.44143527941348,4.205949607769753,4.170180622010932,4.205949722749665,4.284510961300896,1.0801339506259435,54.13985381194081,24.819247332732946,0.0,100.0
0.15,81.56617180412726,4.081213083055971,4.046770464546668,4.081213194233371,4.157222564722304,1.080695008599104,54.1399531750186,24.82211181529246,0.0,100.0
0.145,81.69161408478368,3.955770802399556,3.922626466689138,3.955770909943408,4.0291925251709415,1.0812464442595173,54.140052122237314,24.824987821148124,0.0,100.0
0.14,81.81777205607175,3.82961283111149,3.797761546030216,3.8296129351217245,3.900420317241924,1.0817945478203956,54.14015067612494,24.82787538807831,0.0,100.0
0.135,81.94466486983397,3.7027200173492645,3.6721563058606534,3.7027201177921483,3.770905494551741,1.0823473256503024,54.14024865765787,24.830774181877963,0.0,100.0
0.13,82.07229255203734,3.5750923351458965,3.5458110654619617,3.57509243198991,3.6406480413218247,1.0829048296837296,54.14034674528454,24.833684682065492,0.0,100.0
0.125,82.2006557476848,3.44672913949843,3.4187227785165817,3.446729232707591,3.5096479354759964,1.0834670486629188,54.140445026212554,24.83660638392612,0.0,100.0
0.12,82.32975444876321,3.317630438420025,3.2908914891042826,3.317630527958548,3.3779051609110695,1.0840339658248739,54.140542904103484,24.83953961426889,0.0,100.0
0.115,82.45958860120685,3.1877962859763898,3.162317588719773,3.187796371809256,3.245419715622802,1.0846055900109677,54.140640512867044,24.842484616493078,0.0,100.0
0.11,82.59015741446753,3.0572274727157094,3.0330006294073826,3.0572275547925245,3.1121931160624285,1.0851812699344272,54.14073806072153,24.845441770795436,0.0,100.0
0.105,82.72146088176116,2.9259240054220754,2.902940582409329,2.925924083711132,2.9782281437427116,1.0857607769011774,54.140835369718516,24.84841074448086,0.0,100.0
0.1,82.85349973097517,2.793885156208063,2.772137436768034,2.793885230675045,2.843521554459599,1.086344800952122,54.1409325157467,24.851391673430225,0.0,100.0
0.095,82.98627125623942,2.6611136309438166,2.640591181197294,2.661113701573214,2.708077768604028,1.086931538246628,54.14102885000526,24.854383356724252,0.0,100.0
0.09,83.11973979874897,2.5276450884342694,2.508301806473341,2.527645155456767,2.5720816670548743,1.0874841869374918,54.14112490536874,24.857386773874637,0.0,100.0
0.085,83.2539100192358,2.3934748679474325,2.3752720256327393,2.3934749315617494,2.4355099965205937,1.0880074454834474,54.14122055217481,24.860401681658146,0.0,100.0
0.08,83.38881496818483,2.258569918998404,2.2415005264688688,2.2585699791753,2.2981946981350916,1.0885348744195968,54.14131466902223,24.86342600885428,0.0,100.0
0.075,83.52445561397123,2.1229292732120086,2.1069853916110475,2.122929329915581,2.160135769879304,1.0890667787635182,54.14140731789157,24.866459870777803,0.0,100.0
0.07,83.66083222325996,1.986552663923277,1.9717266103891973,1.9865527171158135,2.0213331922319924,1.0896032949399281,54.14149944452633,24.86950500899261,0.0,100.0
0.065,83.79794480866798,1.8494400785152578,1.835724178746716,1.8494401281590285,1.8817869466365806,1.090144429076067,54.141590932944546,24.872561205761063,0.0,100.0
0.06,83.93579339645481,1.7115914907284235,1.6989780953326914,1.711591536785943,1.7414970289536456,1.0906901890047818,54.14168152557765,24.875627982537754,0.0,100.0
0.055,84.07437801130054,1.5730068758826974,1.5614883344213126,1.5730069183166335,1.6004634391832013,1.0912405722618124,54.141771686731396,24.878706191714954,0.0,100.0
0.05,84.21369870684471,1.4336861803385261,1.4232548679979828,1.4336862191112316,1.4586861589502575,1.0917954995739951,54.14186073313994,24.881794570221295,0.0,100.0
0.045,84.35375571238473,1.293629174798511,1.284277653944173,1.2936292098708235,1.3161651295010728,1.0923545551716862,54.14194848900191,24.88489279161553,0.0,100.0
0.04,84.49454909713138,1.1528357900518529,1.1445566635985216,1.1528358213844854,1.1729002851398036,1.0929176837107788,54.14203563526556,24.888002107730507,0.0,100.0
0.035,84.63607891759779,1.0113059695854503,1.0040917078588194,1.0113059971390783,1.0288916004658688,1.0934848981205036,54.142122176778855,24.89112252368894,0.0,100.0
0.03,84.77834454703861,0.8690403401446218,0.8628826875448823,0.8690403638626976,0.8841390384883567,1.094055902157244,54.14220835232856,24.894254475466795,0.0,100.0
0.025,84.92134545502985,0.7260394321533852,0.7209295509637883,0.7260394520003046,0.7386425634766454,1.0946305188878278,54.142294276387524,24.897398169671423,0.0,100.0
0.02,85.06508077451434,0.5823041126688935,0.5782322298029499,0.5823041286201516,0.5924021339088767,1.095208408299229,54.14237982032884,24.90055336518014,0.0,100.0
0.015,85.20955185487175,0.43783303231148807,0.4347906409778659,0.43783304433344483,0.4454176966155359,1.0957922504243067,54.14246474924454,24.90371962524503,0.0,100.0
0.01,85.35475950249436,0.29262538468887556,0.2906047631826425,0.29262539274266713,0.2976892198094845,1.0963803932086782,54.142549118496056,24.906897047805572,0.0,100.0
0.005,85.50070383380287,0.14668105338036241,0.14567455863047485,0.14668105742684928,0.14921668213236217,1.096972671159956,54.142633014846304,24.91008578862433,0.0,100.0
0.0,85.64738488718324,0.0,0.0,0.0,0.0,1.0975691000773962,54.142716593396194,24.91328612899383,0.0,100.0
-0.005,85.79464154784058,-0.147256660657348,-0.14981924578893313,-0.1472566642193442,-0.1462745690477476,1.098152603564293,54.14275360372237,24.91639440362673,0.0,100.0
-0.01,85.94263100545643,-0.295246118273198,-0.3003739265887617,-0.29524612544517764,-0.2932922158238256,1.0987387906349642,54.14278784292023,24.919509761778823,0.0,100.0
-0.015,86.09134807718266,-0.4439631899994225,-0.4516539843725269,-0.44396320077272833,-0.441052365095544,1.0993241798545574,54.14281915407674,24.922630883742503,0.0,100.0
-0.02,86.24079336993229,-0.5934084827490551,-0.6036509012116511,-0.5934084971210609,-0.5895546866737789,1.0999097241886528,54.142848122087706,24.92575959590304,0.0,100.0
-0.025,86.39096448303621,-0.7435795958529781,-0.7563908619482902,-0.7435796140427499,-0.738798966535569,1.10049653218345,54.142876059096245,24.928898577189358,0.0,100.0
-0.03,86.54186821010857,-0.894483322925339,-0.9098737694135082,-0.8944833449760295,-0.8887806120856254,1.1010882794155334,54.14290147042534,24.93204507339598,0.0,100.0
-0.035,86.69349218724687,-1.046107300063639,-1.064099514336661,-1.0461073259254534,-1.0394577851463964,1.101682366821113,54.14292561808967,24.93520093945263,0.0,100.0
-0.04,86.84584286359197,-1.1984579764087329,-1.2190679725866005,-1.198458006078934,-1.1908447990112592,1.102282241568221,54.14294844917378,24.93836617552157,0.0,100.0
-0.045,86.99891796100769,-1.3515330738244558,-1.374764759314175,-1.3515331073653356,-1.3429729030949176,1.1028836368264154,54.14296998297317,24.941540413263944,0.0,100.0
-0.05,87.15272220895837,-1.50533732177513,-1.5311980926037876,-1.5053373592019454,-1.4958420873094838,1.1034867827866828,54.14299042396982,24.9447234018083,0.0,100.0
-0.055,87.30725632077434,-1.659871433591107,-1.6883739094023866,-1.6598714749320465,-1.649440918372477,1.104096889838165,54.14300688647349,24.947911210635212,0.0,100.0
-0.06,87.46251418777533,-1.8151293005920905,-1.8462921818343858,-1.81512934582112,-1.8037678153209953,1.1047242424299206,54.143020079737035,24.951103980673725,0.0,100.0
-0.065,87.61850198347273,-1.9711170962894897,-2.0049528712110316,-1.97111714542489,-1.9588183813944795,1.1053562529925176,54.14303206051916,24.954306388702665,0.0,100.0
-0.07,87.77520992840476,-2.127825041221527,-2.164298415895047,-2.1278250942144865,-2.1146091111644267,1.1059839256840065,54.143042886880636,24.95751878884603,0.0,100.0
-0.075,87.9326354554119,-2.285250568228662,-2.3243245004335478,-2.285250625013185,-2.2711387805436374,1.1066076934455154,54.14305214106884,24.960740408579124,0.0,100.0
-0.08,88.09078945408223,-2.443404566898991,-2.4850926416128374,-2.443404627494195,-2.428395219982093,1.1072394752083226,54.143060477161804,24.963972444863597,0.0,100.0
-0.085,88.24966680177754,-2.6022819145943004,-2.6466016610556267,-2.6022819790298426,-2.586380777072705,1.1078867923865752,54.143067636993756,24.96721441899119,0.0,100.0
-0.09,88.40927399161501,-2.7618891044317735,-2.808841522350974,-2.7618891727310313,-2.7451056846284985,1.1085360715515067,54.14307272222439,24.970464675679665,0.0,100.0
-0.095,88.56961299480056,-2.922228107617329,-2.9718231911220983,-2.9222281798333567,-2.9045698275348713,1.109189636082626,54.143076442927004,24.973724514160438,0.0,100.0
-0.1,88.73068115003917,-3.0832962628559386,-3.1355461829464133,-3.083296339097211,-3.0647713804874,1.1098471088414794,54.14307868355371,24.97699371716084,0.0,100.0
-0.105,88.89245815424654,-3.2450732670633045,-3.3000059448649637,-3.2450733472092907,-3.2257115802942735,1.1105506670796927,54.1430785900805,24.980270710324966,0.0,100.0
-0.11,89.05494030389252,-3.407555416709286,-3.4651917901758935,-3.4075555011446825,-3.3873830302539147,1.1112499339269162,54.1430775327597,24.983558004329474,0.0,100.0
-0.115,89.21813914570303,-3.5707542585197984,-3.63107152871261,-3.5707543472570533,-3.5497909598108066,1.1119474526740671,54.143074483632496,24.986850975380474,0.0,100.0
-0.12,89.38204568057884,-3.734660793395605,-3.7976917273893775,-3.7346608869713096,-3.712937664364162,1.1126364816156438,54.143069129651245,24.990151423713403,0.0,100.0
-0.125,89.54665616836321,-3.8992712811799777,-3.96505077085844,-3.8992713803699672,-3.8768231222565106,1.1133145244996934,54.14306313127957,24.993462452604234,0.0,100.0
-0.13,89.71193372865908,-4.06454884147584,-4.133031189365568,-4.064548947240016,-4.041446609042552,1.1139496397508697,54.14305608757639,24.99678288608853,0.0,100.0
-0.135,89.87791767708987,-4.230532789906633,-4.301707979306798,-4.230532902332419,-4.20680421446248,1.1145722257354287,54.1430481182036,25.00011264733779,0.0,100.0
-0.14,90.04460048644316,-4.397215599259923,-4.47111366767443,-4.397215718924815,-4.372898200066544,1.1151836930458043,54.143040067626565,25.003451411647244,0.0,100.0
-0.145,90.21199833062354,-4.564613443440308,-4.641257830603692,-4.564613570335302,-4.539671133063237,1.115801189285235,54.143030799267336,25.00679806931282,0.0,100.0
-0.15,90.38004462720357,-4.732659740020338,-4.811919750201994,-4.732659873625485,-4.70704759997038,1.1163867436572925,54.14302108024623,25.010155605754363,0.0,100.0
-0.155,90.5488004607323,-4.901415573549059,-4.983288699288053,-4.901415713784047,-4.875099578874426,1.1169731615058882,54.14300881797863,25.01352049482845,0.0,100.0
-0.16,90.71823226109463,-5.070847373911391,-5.155358027046844,-5.07084752044967,-5.043666171069134,1.1175607887613748,54.14299484077,25.016894246322884,0.0,100.0
-0.165,90.88834090690108,-5.240956019717842,-5.328167105384566,-5.240956172285607,-5.212958995356388,1.1181311704313324,54.14297958274754,25.020277598050956,0.0,100.0
-0.17,91.0591033303671,-5.411718443183858,-5.501715167542159,-5.4117186013272605,-5.38296883844572,1.1186734117427877,54.14296168855577,25.02366721613161,0.0,100.0
-0.175,91.23059187816087,-5.583206990977629,-5.676002414229245,-5.583207154714998,-5.553699436059347,1.11922001605981,54.142943588474296,25.027067966904873,0.0,100.0
-0.18,91.40271893121427,-5.755334044031031,-5.850811508377305,-5.755334214107248,-5.7251470019556905,1.1196982766281298,54.142925054741085,25.03047845362169,0.0,100.0
-0.185,91.57548733845961,-5.928102451276374,-6.026198634049649,-5.928102628373904,-5.897319881921973,1.1201389857616886,54.14290573868555,25.03389924898287,0.0,100.0
-0.19,91.74896058617568,-6.101575698992448,-6.202304305905898,-6.101575882990801,-6.070225198695951,1.1206159996903697,54.14288599991975,25.037329555735973,0.0,100.0
-0.195,91.9231535727431,-6.275768685559868,-6.37913147526146,-6.2757688764608215,-6.243864332949968,1.1211009018468614,54.1428652529264,25.040768001458005,0.0,100.0
-0.2,92.09806539599533,-6.450680508812098,-6.55667922770121,-6.450680706596211,-6.418238549504252,1.1215959408358613,54.142844814623814,25.044213138163638,0.0,100.0
-0.205,92.27369912207212,-6.626314234888881,-6.734962380546747,-6.6263144395591045,-6.593339147893673,1.1220947845104454,54.142823079527226,25.047667281167673,0.0,100.0
-0.21,92.45003999704979,-6.802655109866549,-6.913979465402235,-6.802655321473492,-6.769174849589888,1.1226267444958526,54.142799676186534,25.05112801907252,0.0,100.0
-0.215,92.62705962389688,-6.979674736713648,-7.093733406910019,-6.9796749551142145,-6.945710970792206,1.1232376147649876,54.142774102961866,25.054596711837807,0.0,100.0
-0.22,92.80476120482021,-7.157376317636974,-7.274212336276918,-7.157376542586792,-7.122773382787827,1.1238511239247813,54.14274785550228,25.058075089824,0.0,100.0
-0.225,92.98310930888599,-7.33572442170275,-7.455387865154549,-7.335724652765515,-7.300226094807471,1.1244632430838875,54.142720109252416,25.06156239206965,0.0,100.0
-0.23,93.1621709827457,-7.514786095562471,-7.637286176674138,-7.514786332787017,-7.478397881063827,1.125074110898672,54.142691224490726,25.065059252028433,0.0,100.0
-0.235,93.34194843602877,-7.694563548845537,-7.819920605896442,-7.694563792232179,-7.657302971513431,1.1256845976141956,54.14266064660014,25.068564771740288,0.0,100.0
-0.24,93.52243670078477,-7.87505181360153,-8.003291191911345,-7.875052063118,-7.836931406236616,1.1262935373271166,54.14262968948306,25.07208149823741,0.0,100.0
-0.245,93.7036318395888,-8.056246952405559,-8.187383151431249,-8.056247207968838,-8.01728171262181,1.1268993063200032,54.14259830871322,25.075608494708618,0.0,100.0
-0.25,93.8855324737879,-8.238147586604669,-8.372182521205488,-8.238147848268074,-8.19836530417507,1.127496160429963,54.142566487307114,25.07914644801608,0.0,100.0
-0.255,94.06813478171462,-8.420749894531383,-8.557668758786846,-8.420750162518953,-8.380162184746467,1.1280835400883529,54.142533582044756,25.082694305025626,0.0,100.0
-0.26,94.25144659402869,-8.604061706845457,-8.743814426954586,-8.60406198112577,-8.56268887023107,1.1286568853471814,54.142500033985286,25.086251195908304,0.0,100.0
-0.265,94.43544985641691,-8.788064969233673,-8.930638289648286,-8.788065250063184,-8.745920030219352,1.1292236595854197,54.14246482494359,25.089814247974196,0.0,100.0
-0.27,94.62011379987045,-8.972728912687217,-9.11794876211286,-8.972729199825816,-8.929880734569124,1.1297392291013022,54.142428178009816,25.093386053541355,0.0,100.0
-0.275,94.80539336792401,-9.158008480740776,-9.305478969110524,-9.158008773476217,-9.114571808449838,1.1301494912441226,54.14238887172779,25.096964658734944,0.0,100.0
-0.28,94.99139480963606,-9.344009922452827,-9.49374203026548,-9.344010220798882,-9.299992159482585,1.1305689707138962,54.14234764091263,25.100548937403328,0.0,100.0
-0.285,95.17810505553906,-9.530720168355828,-9.68272945773731,-9.530720472557302,-9.486116402310799,1.130986082892949,54.142307121783055,25.10414051148739,0.0,100.0
-0.29,95.36550855714844,-9.718123669965209,-9.872419637249024,-9.718123980300774,-9.672928936529573,1.1313927343061605,54.14226701767628,25.107739374805004,0.0,100.0
-0.295,95.55361835267588,-9.906233465492647,-10.062831165095702,-9.906233781881966,-9.860261736832726,1.131796417774371,54.14222664933838,25.111346318104104,0.0,100.0
-0.3,95.74243657215042,-10.095051684967189,-10.253974572307413,-10.095052007403833,-10.04824048125721,1.1322248968284356,54.14218532661031,25.1149633444233,0.0,100.0
-0.305,95.93197363920495,-10.284588752021719,-10.445849809535844,-10.28458908058949,-10.236939463260967,1.1326631518068946,54.14214356300552,25.118591386450404,0.0,100.0
-0.31,96.12221652042588,-10.474831633242644,-10.638417036296403,-10.474831968019837,-10.426315722132259,1.1330937347061072,54.14210019775031,25.12222831979778,0.0,100.0
-0.315,96.31315240974402,-10.665767522560785,-10.831671801345436,-10.665767863530414,-10.616354205124509,1.1335085640265972,54.1420512527285,25.12586686401805,0.0,100.0
-0.32,96.50479997851956,-10.857415091336321,-11.02562278439396,-10.857415438530953,-10.807099647794956,1.1339184894533005,54.14200119061543,25.129513299712748,0.0,100.0
-0.325,96.6971549567459,-11.049770069562669,-11.220256127274737,-11.049770423058664,-10.998541429917395,1.1343191119317,54.14194962259167,25.133167935554965,0.0,100.0
-0.33,96.89018189180652,-11.242797004623284,-11.415585401713386,-11.24279736432724,-11.19066870775869,1.1347240614279435,54.1418968804698,25.136831457026727,0.0,100.0
-0.335,97.08385720055782,-11.43647231337458,-11.611627132435444,-11.436472679452383,-11.383420317573155,1.1351750497335804,54.14184380849461,25.140504074779855,0.0,100.0
-0.34,97.27813915698542,-11.630754269802182,-11.808358027976823,-11.63075464191528,-11.57682763871236,1.1358096652921026,54.1417890398114,25.144185047914807,0.0,100.0
-0.345,97.47312347957373,-11.825738592390493,-12.005789925575385,-11.825738970635674,-11.770923300747484,1.1364537473023952,54.14173250890733,25.147874556666036,0.0,100.0
-0.35,97.66879859664498,-12.02141370946174,-12.20392790283806,-12.0214140937867,-11.96571733678691,1.137092963474195,54.141675093936676,25.151574196487278,0.0,100.0
-0.355,97.86516640253059,-12.217781515347355,-12.402717095090878,-12.217781905792492,-12.161198207208898,1.1377207122339306,54.14161578907313,25.155282127751498,0.0,100.0
-0.36,98.06223597011041,-12.414851082927171,-12.602183105738561,-12.414851479525344,-12.357376074860582,1.1383375225907688,54.14155555735023,25.158997942866538,0.0,100.0
-0.365,98.26000895695772,-12.612624069774483,-12.802367996694485,-12.612624472533337,-12.554256256549394,1.138951015492999,54.14149604670514,25.162717258919344,0.0,100.0
-0.37,98.45844366148721,-12.811058774303973,-13.003252071909898,-12.81105918305899,-12.75182199740469,1.1395555457046491,54.14143615209004,25.16644133716774,0.0,100.0
-0.375,98.65756762009738,-13.010182732914146,-13.204864287386982,-13.010183147549174,-12.950093825810882,1.1401816788890737,54.14137454015582,25.170173477422658,0.0,100.0
-0.38,98.85737064801685,-13.209985760833618,-13.407200428214267,-13.20998618127162,-13.14905588617917,1.140817646691776,54.1413104706314,25.1739128349949,0.0,100.0
-0.385,99.05784845114532,-13.410463563962082,-13.610154717162345,-13.410463989937256,-13.348731241622417,1.141461962150274,54.14124563367165,25.177662483227042,0.0,100.0
-0.39,99.25900514495268,-13.611620257769445,-13.813745625821511,-13.611620689108719,-13.54911056957512,1.1420843559693528,54.14118002468764,25.181422408682316,0.0,100.0
-0.395,99.4608473047712,-13.81346241758797,-14.018045588554358,-13.813462854101903,-13.75020281879408,1.1427028699363209,54.14111302406583,25.185191477735504,0.0,100.0
-0.4,99.66336499585212,-14.015980108668884,-14.223063855903646,-14.015980550131204,-13.952003390795625,1.1433089953370559,54.141045495537455,25.18897012077875,0.0,100.0
-0.405,99.86658016299833,-14.219195275815096,-14.428807047106986,-14.219195722160425,-14.154077172345822,1.1439124213680656,54.140976842955396,25.192756950997317,0.0,100.0
-0.41,100.07048954449402,-14.423104657310788,-14.635189670170135,-14.423105108481769,-14.356758384352531,1.144503197105224,54.140908532208165,25.196551930663873,0.0,100.0
-0.415,100.27505589031107,-14.62767100312783,-14.84227210200352,-14.62767145963267,-14.560030829671717,1.1450797674981565,54.14083955451024,25.200357349416965,0.0,100.0
-0.42,100.48022038303176,-14.832835495848528,-15.049969243421458,-14.832835957791456,-14.763706087561928,1.145615740887289,54.14077007556428,25.204173503687077,0.0,100.0
-0.425,100.68607617033891,-15.038691283155671,-15.258362408438913,-15.038691751086912,-14.968096576309819,1.1461422041505813,54.140700482093976,25.207998263465658,0.0,100.0
-0.43,100.89259122044292,-15.245206333259688,-15.467476453904908,-15.245206807935688,-15.173089712887545,1.1466553089757976,54.1406291000268,25.211829395908488,0.0,100.0
-0.435,101.0997494161917,-15.452364529008463,-15.67725914720991,-15.452365010164153,-15.378582944230772,1.147148790139414,54.14055742722193,25.215665606063194,0.0,100.0
-0.44,101.30755144891057,-15.660166561727337,-15.887746215941107,-15.660167050256646,-15.584790569248995,1.1476426786913054,54.14048204621086,25.219504040718434,0.0,100.0
-0.445,101.51595131400734,-15.868566426824103,-16.09894116005364,-15.868566922000387,-15.791657092189809,1.1481370439289043,54.140404792633085,25.22334837814041,0.0,100.0
-0.45,101.72504196804013,-16.077657080856895,-16.31079170410014,-16.077657582530957,-15.999209959657406,1.1486191785585278,54.140326854033766,25.22720045060452,0.0,100.0
-0.455,101.9347783265476,-16.287393439364365,-16.523270813028674,-16.287393947214007,-16.207262765050857,1.1490676662937211,54.14024808511341,25.231060361462234,0.0,100.0
-0.46,102.14520655529262,-16.49782166810938,-16.736464866760727,-16.49782218209738,-16.415930681028456,1.1495107729610587,54.14016827164442,25.234929328649123,0.0,100.0
-0.465,102.35633345499706,-16.70894856781382,-16.95037915264659,-16.708949087878203,-16.625304147671102,1.149987924911334,54.14008664247705,25.23880656858198,0.0,100.0
-0.47,102.56813822777534,-16.9207533405921,-17.16497230863081,-16.920753866536394,-16.835337729915366,1.1504817442661772,54.14000202907407,25.24268995179636,0.0,100.0
-0.475,102.78062955889264,-17.133244671709406,-17.380263631728354,-17.133245203461595,-17.04600357351609,1.1509742777717291,54.13991517474562,25.246577993329783,0.0,100.0
-0.48,102.99381096522389,-17.34642607804065,-17.59627220485676,-17.34642661587919,-17.25732632242027,1.1514648192777386,54.13982621218155,25.25046870852207,0.0,100.0
-0.485,103.2076741337871,-17.56028924660386,-17.812948888441383,-17.560289790598056,-17.469282382943675,1.15193768796733,54.139736154857495,25.25436607142013,0.0,100.0
-0.49,103.42217946806021,-17.77479458087697,-18.03030859064974,-17.774795131049896,-17.681788356250564,1.1524233918426305,54.13964393783488,25.258271043738542,0.0,100.0
-0.495,103.63733945261356,-17.989954565430324,-18.2482611608672,-17.989955121729643,-17.894892786196266,1.1528686922467277,54.13955039528924,25.262184559264828,0.0,100.0
-0.5,103.85317919424848,-18.205794307065247,-18.466924633877696,-18.205794869351866,-18.108662250981908,1.1533578392486115,54.139456667123376,25.266107560912307,0.0,100.0
