model_class,fold,feature_space,max_depth,min_samples_leaf,min_samples_split,fold_train_mse,fold_valid_mse,n_leaves,tree_depth
Regression Tree,1,base,3,25,50,520.4268969151719,522.4038775500302,8,3
Regression Tree,1,base,3,50,100,520.4268969151719,522.4038775500302,8,3
Regression Tree,1,base,3,100,200,520.4268969151719,522.4038775500302,8,3
Regression Tree,1,base,3,250,500,520.4268969151719,522.4038775500302,8,3
Regression Tree,1,base,3,500,1000,520.4268969151719,522.4038775500302,8,3
Regression Tree,1,base,3,1000,2000,520.9705086343159,523.5108221386587,8,3
Regression Tree,1,base,3,2000,4000,520.9705086343159,523.5108221386587,8,3
Regression Tree,1,base,5,25,50,446.51620663052825,447.3217904284396,32,5
Regression Tree,1,base,5,50,100,446.65982438329684,447.32685530980865,31,5
Regression Tree,1,base,5,100,200,446.89197401380244,447.8393283950027,32,5
Regression Tree,1,base,5,250,500,447.4381868398897,448.1061124984565,31,5
Regression Tree,1,base,5,500,1000,450.32552191366926,451.07347726391953,25,5
Regression Tree,1,base,5,1000,2000,464.72155751947844,467.33382422126937,28,5
Regression Tree,1,base,5,2000,4000,472.8196967884878,474.41032607770273,22,5
Regression Tree,1,base,7,25,50,394.20703749914196,398.7884634945279,115,7
Regression Tree,1,base,7,50,100,396.1047845158188,400.6706040307183,110,7
Regression Tree,1,base,7,100,200,397.9407156670178,401.2756539063391,100,7
Regression Tree,1,base,7,250,500,402.23296611555,404.7877489442023,70,7
Regression Tree,1,base,7,500,1000,414.2983734491292,416.8621354118343,54,7
Regression Tree,1,base,7,1000,2000,436.20767734311505,437.9250756108587,54,7
Regression Tree,1,base,7,2000,4000,454.5313107706105,455.2182028130078,34,7
Regression Tree,1,base,9,25,50,349.4436535561187,358.939423858899,306,9
Regression Tree,1,base,9,50,100,354.505071756846,362.0579215874484,256,9
Regression Tree,1,base,9,100,200,359.95269697041437,363.7364033685545,182,9
Regression Tree,1,base,9,250,500,372.1342952903087,377.56666716617394,115,9
Regression Tree,1,base,9,500,1000,389.36884503263434,395.7639109396339,90,9
Regression Tree,1,base,9,1000,2000,429.5073253710483,432.3855079059483,67,9
Regression Tree,1,base,9,2000,4000,452.79798362727865,452.9349568193977,36,8
Regression Tree,1,base,12,25,50,295.425453536056,312.8361034542596,717,12
Regression Tree,1,base,12,50,100,307.62936986522357,321.91509871718193,496,12
Regression Tree,1,base,12,100,200,319.6486993706838,329.9344439044987,318,12
Regression Tree,1,base,12,250,500,343.3814862362754,353.0628032408015,194,12
Regression Tree,1,base,12,500,1000,375.94246312930863,383.5108069996204,127,12
Regression Tree,1,base,12,1000,2000,428.67106044833963,431.6050775750658,71,10
Regression Tree,1,base,12,2000,4000,452.79798362727865,452.9349568193977,36,8
Regression Tree,1,base,15,25,50,256.2019200647388,285.4539786726229,1172,15
Regression Tree,1,base,15,50,100,276.9354683318626,299.13013740858696,747,15
Regression Tree,1,base,15,100,200,297.1107497644881,312.8774465237105,459,15
Regression Tree,1,base,15,250,500,333.5187673090461,344.17849989626126,238,15
Regression Tree,1,base,15,500,1000,373.87388588913876,382.1150155847056,141,15
Regression Tree,1,base,15,1000,2000,428.67106044833963,431.6050775750658,71,10
Regression Tree,1,base,15,2000,4000,452.79798362727865,452.9349568193977,36,8
Regression Tree,1,base,None,25,50,196.23972805450416,250.88850056545823,2842,43
Regression Tree,1,base,None,50,100,237.7402318667436,271.90431052175285,1406,40
Regression Tree,1,base,None,100,200,275.7651854788784,296.5044221766534,698,30
Regression Tree,1,base,None,250,500,328.4947244321942,340.4001133018934,280,21
Regression Tree,1,base,None,500,1000,373.87388588913876,382.1150155847056,141,15
Regression Tree,1,base,None,1000,2000,428.67106044833963,431.6050775750658,71,10
Regression Tree,1,base,None,2000,4000,452.79798362727865,452.9349568193977,36,8
Regression Tree,1,base_plus_poly,3,25,50,520.4268969151719,522.4038775500302,8,3
Regression Tree,1,base_plus_poly,3,50,100,520.4268969151719,522.4038775500302,8,3
Regression Tree,1,base_plus_poly,3,100,200,520.4268969151719,522.4038775500302,8,3
Regression Tree,1,base_plus_poly,3,250,500,520.4268969151719,522.4038775500302,8,3
Regression Tree,1,base_plus_poly,3,500,1000,520.4268969151719,522.4038775500302,8,3
Regression Tree,1,base_plus_poly,3,1000,2000,520.9705086343159,523.5108221386587,8,3
Regression Tree,1,base_plus_poly,3,2000,4000,520.9705086343159,523.5108221386587,8,3
Regression Tree,1,base_plus_poly,5,25,50,446.51620663052825,447.3217904284396,32,5
Regression Tree,1,base_plus_poly,5,50,100,446.65982438329684,447.32685530980865,31,5
Regression Tree,1,base_plus_poly,5,100,200,446.89197401380244,447.8393283950027,32,5
Regression Tree,1,base_plus_poly,5,250,500,447.4381868398897,448.1061124984565,31,5
Regression Tree,1,base_plus_poly,5,500,1000,450.32552191366926,451.07347726391953,25,5
Regression Tree,1,base_plus_poly,5,1000,2000,464.72155751947844,467.33382422126937,28,5
Regression Tree,1,base_plus_poly,5,2000,4000,472.8196967884878,474.41032607770273,22,5
Regression Tree,1,base_plus_poly,7,25,50,394.20703749914196,398.7884634945279,115,7
Regression Tree,1,base_plus_poly,7,50,100,396.1047845158188,400.6706040307183,110,7
Regression Tree,1,base_plus_poly,7,100,200,397.9407156670178,401.2756539063391,100,7
Regression Tree,1,base_plus_poly,7,250,500,402.23296611555,404.7877489442023,70,7
Regression Tree,1,base_plus_poly,7,500,1000,414.2983734491292,416.8621354118343,54,7
Regression Tree,1,base_plus_poly,7,1000,2000,436.20767734311505,437.9250756108587,54,7
Regression Tree,1,base_plus_poly,7,2000,4000,454.5313107706105,455.2182028130078,34,7
Regression Tree,1,base_plus_poly,9,25,50,349.4436535561187,358.89570800587154,306,9
Regression Tree,1,base_plus_poly,9,50,100,354.50507175684606,362.05798238497107,256,9
Regression Tree,1,base_plus_poly,9,100,200,359.95269697041437,363.7364033685545,182,9
Regression Tree,1,base_plus_poly,9,250,500,372.1342952903087,377.56666716617394,115,9
Regression Tree,1,base_plus_poly,9,500,1000,389.36884503263434,395.7639109396339,90,9
Regression Tree,1,base_plus_poly,9,1000,2000,429.5073253710483,432.3855079059483,67,9
Regression Tree,1,base_plus_poly,9,2000,4000,452.79798362727865,452.9349568193977,36,8
Regression Tree,1,base_plus_poly,12,25,50,295.42545353605607,312.83610689921636,717,12
Regression Tree,1,base_plus_poly,12,50,100,307.62936986522357,321.9154443246178,496,12
Regression Tree,1,base_plus_poly,12,100,200,319.6486993706838,329.9344439044987,318,12
Regression Tree,1,base_plus_poly,12,250,500,343.3814862362754,353.0628032408015,194,12
Regression Tree,1,base_plus_poly,12,500,1000,375.94246312930863,383.5108069996204,127,12
Regression Tree,1,base_plus_poly,12,1000,2000,428.67106044833963,431.6050775750658,71,10
Regression Tree,1,base_plus_poly,12,2000,4000,452.79798362727865,452.9349568193977,36,8
Regression Tree,1,base_plus_poly,15,25,50,256.2019200647388,285.39652239049144,1172,15
Regression Tree,1,base_plus_poly,15,50,100,276.9354683318626,299.13013740858696,747,15
Regression Tree,1,base_plus_poly,15,100,200,297.1107497644881,312.8774465237105,459,15
Regression Tree,1,base_plus_poly,15,250,500,333.5187673090461,344.17849989626126,238,15
Regression Tree,1,base_plus_poly,15,500,1000,373.87388588913876,382.1150155847056,141,15
Regression Tree,1,base_plus_poly,15,1000,2000,428.67106044833963,431.6050775750658,71,10
Regression Tree,1,base_plus_poly,15,2000,4000,452.79798362727865,452.9349568193977,36,8
Regression Tree,1,base_plus_poly,None,25,50,196.23972805450416,250.8747578422682,2842,43
Regression Tree,1,base_plus_poly,None,50,100,237.7402318667436,271.9042666362909,1406,40
Regression Tree,1,base_plus_poly,None,100,200,275.7651854788784,296.5044221766534,698,30
Regression Tree,1,base_plus_poly,None,250,500,328.4947244321942,340.4001133018934,280,21
Regression Tree,1,base_plus_poly,None,500,1000,373.87388588913876,382.1150155847056,141,15
Regression Tree,1,base_plus_poly,None,1000,2000,428.67106044833963,431.6050775750658,71,10
Regression Tree,1,base_plus_poly,None,2000,4000,452.79798362727865,452.9349568193977,36,8
Regression Tree,1,base_plus_interactions,3,25,50,520.4268969151719,522.4038775500302,8,3
Regression Tree,1,base_plus_interactions,3,50,100,520.4268969151719,522.4038775500302,8,3
Regression Tree,1,base_plus_interactions,3,100,200,520.4268969151719,522.4038775500302,8,3
Regression Tree,1,base_plus_interactions,3,250,500,520.4268969151719,522.4038775500302,8,3
Regression Tree,1,base_plus_interactions,3,500,1000,520.4268969151719,522.4038775500302,8,3
Regression Tree,1,base_plus_interactions,3,1000,2000,520.8952339124268,523.6104245786319,8,3
Regression Tree,1,base_plus_interactions,3,2000,4000,520.8952339124268,523.6104245786319,8,3
Regression Tree,1,base_plus_interactions,5,25,50,446.37916730307353,446.9202798090458,32,5
Regression Tree,1,base_plus_interactions,5,50,100,446.5227850558421,446.92534469041493,31,5
Regression Tree,1,base_plus_interactions,5,100,200,446.826599508071,447.24619278219467,32,5
Regression Tree,1,base_plus_interactions,5,250,500,447.65144883639886,447.84081857857217,29,5
Regression Tree,1,base_plus_interactions,5,500,1000,449.9383332270758,450.64887912442924,25,5
Regression Tree,1,base_plus_interactions,5,1000,2000,464.93344708896717,467.85962431327783,28,5
Regression Tree,1,base_plus_interactions,5,2000,4000,472.78535042511675,474.3918273037634,22,5
Regression Tree,1,base_plus_interactions,7,25,50,394.3920441182604,398.6935949766101,115,7
Regression Tree,1,base_plus_interactions,7,50,100,396.32771139151555,400.69633003265767,106,7
Regression Tree,1,base_plus_interactions,7,100,200,398.3227424279146,401.99695078243354,94,7
Regression Tree,1,base_plus_interactions,7,250,500,402.0928381424951,404.21974781385643,71,7
Regression Tree,1,base_plus_interactions,7,500,1000,413.8980054808844,416.77239704875325,53,7
Regression Tree,1,base_plus_interactions,7,1000,2000,435.9665023992224,437.6016564261612,55,7
Regression Tree,1,base_plus_interactions,7,2000,4000,453.93358768587007,454.0784924605155,34,7
Regression Tree,1,base_plus_interactions,9,25,50,349.67922330832664,359.03913290894815,296,9
Regression Tree,1,base_plus_interactions,9,50,100,354.26336948491553,362.1591440711899,247,9
Regression Tree,1,base_plus_interactions,9,100,200,359.43511308297144,364.61614007691503,182,9
Regression Tree,1,base_plus_interactions,9,250,500,371.24846955246704,377.02558886702064,116,9
Regression Tree,1,base_plus_interactions,9,500,1000,388.4333768334742,393.67267189363145,87,9
Regression Tree,1,base_plus_interactions,9,1000,2000,428.5230923203676,432.0879191698845,70,9
Regression Tree,1,base_plus_interactions,9,2000,4000,452.19225666225213,451.8756636343043,36,8
Regression Tree,1,base_plus_interactions,12,25,50,295.5889928216674,313.33030906777464,714,12
Regression Tree,1,base_plus_interactions,12,50,100,307.9877019297932,323.0494761621631,490,12
Regression Tree,1,base_plus_interactions,12,100,200,319.22996505985026,330.4889908478764,321,12
Regression Tree,1,base_plus_interactions,12,250,500,342.7506395801879,351.6053170776028,195,12
Regression Tree,1,base_plus_interactions,12,500,1000,373.7461411754299,381.22541247789064,125,12
Regression Tree,1,base_plus_interactions,12,1000,2000,427.79352748410815,431.4804715340366,73,10
Regression Tree,1,base_plus_interactions,12,2000,4000,452.19225666225213,451.8756636343043,36,8
Regression Tree,1,base_plus_interactions,15,25,50,256.49443750933483,286.1734673581493,1171,15
Regression Tree,1,base_plus_interactions,15,50,100,276.64565185125105,299.3683603383215,750,15
Regression Tree,1,base_plus_interactions,15,100,200,294.91373082531373,310.7843363359356,471,15
Regression Tree,1,base_plus_interactions,15,250,500,332.5165022877497,342.55243924779904,240,15
Regression Tree,1,base_plus_interactions,15,500,1000,371.4809305170286,379.0751001283925,137,15
Regression Tree,1,base_plus_interactions,15,1000,2000,427.79352748410815,431.4804715340366,73,10
Regression Tree,1,base_plus_interactions,15,2000,4000,452.19225666225213,451.8756636343043,36,8
Regression Tree,1,base_plus_interactions,None,25,50,195.94206458560424,251.01766525128858,2835,37
Regression Tree,1,base_plus_interactions,None,50,100,237.0004987081455,271.00730856858195,1405,35
Regression Tree,1,base_plus_interactions,None,100,200,272.22630916881354,294.4305985879684,699,29
Regression Tree,1,base_plus_interactions,None,250,500,327.0036229569258,337.396207395901,286,22
Regression Tree,1,base_plus_interactions,None,500,1000,370.43523449396224,378.19089076856403,143,18
Regression Tree,1,base_plus_interactions,None,1000,2000,427.79352748410815,431.4804715340366,73,10
Regression Tree,1,base_plus_interactions,None,2000,4000,452.19225666225213,451.8756636343043,36,8
Regression Tree,1,base_plus_poly_interactions,3,25,50,520.4268969151719,522.4038775500302,8,3
Regression Tree,1,base_plus_poly_interactions,3,50,100,520.4268969151719,522.4038775500302,8,3
Regression Tree,1,base_plus_poly_interactions,3,100,200,520.4268969151719,522.4038775500302,8,3
Regression Tree,1,base_plus_poly_interactions,3,250,500,520.4268969151719,522.4038775500302,8,3
Regression Tree,1,base_plus_poly_interactions,3,500,1000,520.4268969151719,522.4038775500302,8,3
Regression Tree,1,base_plus_poly_interactions,3,1000,2000,520.8952339124268,523.6104245786319,8,3
Regression Tree,1,base_plus_poly_interactions,3,2000,4000,520.8952339124268,523.6104245786319,8,3
Regression Tree,1,base_plus_poly_interactions,5,25,50,446.37916730307353,446.9202798090458,32,5
Regression Tree,1,base_plus_poly_interactions,5,50,100,446.5227850558421,446.92534469041493,31,5
Regression Tree,1,base_plus_poly_interactions,5,100,200,446.826599508071,447.24619278219467,32,5
Regression Tree,1,base_plus_poly_interactions,5,250,500,447.65144883639886,447.84081857857217,29,5
Regression Tree,1,base_plus_poly_interactions,5,500,1000,449.9383332270758,450.64887912442924,25,5
Regression Tree,1,base_plus_poly_interactions,5,1000,2000,464.93344708896717,467.85962431327783,28,5
Regression Tree,1,base_plus_poly_interactions,5,2000,4000,472.78535042511675,474.3918273037634,22,5
Regression Tree,1,base_plus_poly_interactions,7,25,50,394.3920441182604,398.6935949766101,115,7
Regression Tree,1,base_plus_poly_interactions,7,50,100,396.32771139151555,400.69633003265767,106,7
Regression Tree,1,base_plus_poly_interactions,7,100,200,398.3227424279146,401.99695078243354,94,7
Regression Tree,1,base_plus_poly_interactions,7,250,500,402.0928381424951,404.21974781385643,71,7
Regression Tree,1,base_plus_poly_interactions,7,500,1000,413.8980054808844,416.77239704875325,53,7
Regression Tree,1,base_plus_poly_interactions,7,1000,2000,435.9665023992224,437.6016564261612,55,7
Regression Tree,1,base_plus_poly_interactions,7,2000,4000,453.93358768587007,454.0784924605155,34,7
Regression Tree,1,base_plus_poly_interactions,9,25,50,349.67922330832664,359.03913290894815,296,9
Regression Tree,1,base_plus_poly_interactions,9,50,100,354.26336948491553,362.15886383138985,247,9
Regression Tree,1,base_plus_poly_interactions,9,100,200,359.43511308297144,364.61614007691503,182,9
Regression Tree,1,base_plus_poly_interactions,9,250,500,371.24846955246704,377.02558886702064,116,9
Regression Tree,1,base_plus_poly_interactions,9,500,1000,388.4333768334742,393.67267189363145,87,9
Regression Tree,1,base_plus_poly_interactions,9,1000,2000,428.5230923203676,432.0879191698845,70,9
Regression Tree,1,base_plus_poly_interactions,9,2000,4000,452.19225666225213,451.8756636343043,36,8
Regression Tree,1,base_plus_poly_interactions,12,25,50,295.5889928216674,313.2978233530214,714,12
Regression Tree,1,base_plus_poly_interactions,12,50,100,307.9877019297932,323.04947616216305,490,12
Regression Tree,1,base_plus_poly_interactions,12,100,200,319.22996505985026,330.4889908478764,321,12
Regression Tree,1,base_plus_poly_interactions,12,250,500,342.7506395801879,351.6053170776028,195,12
Regression Tree,1,base_plus_poly_interactions,12,500,1000,373.7461411754299,381.22541247789064,125,12
Regression Tree,1,base_plus_poly_interactions,12,1000,2000,427.79352748410815,431.4804715340366,73,10
Regression Tree,1,base_plus_poly_interactions,12,2000,4000,452.19225666225213,451.8756636343043,36,8
Regression Tree,1,base_plus_poly_interactions,15,25,50,256.49451802522253,286.17319089261645,1171,15
Regression Tree,1,base_plus_poly_interactions,15,50,100,276.64565185125105,299.3683603383215,750,15
Regression Tree,1,base_plus_poly_interactions,15,100,200,294.91373082531373,310.7843363359356,471,15
Regression Tree,1,base_plus_poly_interactions,15,250,500,332.5165022877497,342.55243924779904,240,15
Regression Tree,1,base_plus_poly_interactions,15,500,1000,371.4809305170286,379.0751001283925,137,15
Regression Tree,1,base_plus_poly_interactions,15,1000,2000,427.79352748410815,431.4804715340366,73,10
Regression Tree,1,base_plus_poly_interactions,15,2000,4000,452.19225666225213,451.8756636343043,36,8
Regression Tree,1,base_plus_poly_interactions,None,25,50,195.94206458560424,250.9329388295563,2835,37
Regression Tree,1,base_plus_poly_interactions,None,50,100,237.0004987081455,271.00708912630455,1405,35
Regression Tree,1,base_plus_poly_interactions,None,100,200,272.22630916881354,294.42108774736806,699,29
Regression Tree,1,base_plus_poly_interactions,None,250,500,327.0036229569258,337.396207395901,286,22
Regression Tree,1,base_plus_poly_interactions,None,500,1000,370.43523449396224,378.19089076856403,143,18
Regression Tree,1,base_plus_poly_interactions,None,1000,2000,427.79352748410815,431.4804715340366,73,10
Regression Tree,1,base_plus_poly_interactions,None,2000,4000,452.19225666225213,451.8756636343043,36,8
Regression Tree,2,base,3,25,50,519.1772912837301,528.3253599749244,8,3
Regression Tree,2,base,3,50,100,519.1772912837301,528.3253599749244,8,3
Regression Tree,2,base,3,100,200,519.1772912837301,528.3253599749244,8,3
Regression Tree,2,base,3,250,500,519.1772912837301,528.3253599749244,8,3
Regression Tree,2,base,3,500,1000,519.1772912837301,528.3253599749244,8,3
Regression Tree,2,base,3,1000,2000,520.0859712901441,527.9877240053639,8,3
Regression Tree,2,base,3,2000,4000,520.0859712901441,527.9877240053639,8,3
Regression Tree,2,base,5,25,50,445.9503263114352,454.20764038737116,32,5
Regression Tree,2,base,5,50,100,446.0734454196755,453.74872218634573,31,5
Regression Tree,2,base,5,100,200,446.2991714823876,454.0521336462484,32,5
Regression Tree,2,base,5,250,500,447.15754414041464,454.09841480984056,30,5
Regression Tree,2,base,5,500,1000,450.5130942785341,456.2999407101332,25,5
Regression Tree,2,base,5,1000,2000,465.4823214761304,471.1290095128691,26,5
Regression Tree,2,base,5,2000,4000,472.27160313164313,478.30213026014525,21,5
Regression Tree,2,base,7,25,50,394.66225700438724,398.60702421678945,114,7
Regression Tree,2,base,7,50,100,396.08010821035236,400.44636704552255,109,7
Regression Tree,2,base,7,100,200,397.61292852336635,402.69031707991746,93,7
Regression Tree,2,base,7,250,500,402.0031847661761,406.71476852148174,68,7
Regression Tree,2,base,7,500,1000,412.9385307120402,414.8317751647062,52,7
Regression Tree,2,base,7,1000,2000,433.5999710939031,441.12673117475543,48,7
Regression Tree,2,base,7,2000,4000,453.29436704595787,458.9590411884083,34,7
Regression Tree,2,base,9,25,50,346.95051112902615,356.49873728526666,287,9
Regression Tree,2,base,9,50,100,350.9514588846158,360.89258038736415,242,9
Regression Tree,2,base,9,100,200,355.89753660087024,365.7863723023375,172,9
Regression Tree,2,base,9,250,500,369.6271125587111,377.0274086840725,108,9
Regression Tree,2,base,9,500,1000,387.5518591746383,392.1989079955625,83,9
Regression Tree,2,base,9,1000,2000,423.21182839099646,432.66431355286767,67,9
Regression Tree,2,base,9,2000,4000,452.61688408479773,458.94113881973453,35,8
Regression Tree,2,base,12,25,50,293.57098500765227,311.2188253795729,661,12
Regression Tree,2,base,12,50,100,304.7208060036902,321.417066613615,480,12
Regression Tree,2,base,12,100,200,315.32237696758204,328.2508036632312,304,12
Regression Tree,2,base,12,250,500,341.9707998385628,352.55821483472323,189,12
Regression Tree,2,base,12,500,1000,373.4456929535959,380.3343449807508,127,12
Regression Tree,2,base,12,1000,2000,422.7480810052542,432.5556011671656,69,11
Regression Tree,2,base,12,2000,4000,452.61688408479773,458.94113881973453,35,8
Regression Tree,2,base,15,25,50,254.84106012615797,281.0676690333468,1141,15
Regression Tree,2,base,15,50,100,273.45329824776974,294.08881122711915,749,15
Regression Tree,2,base,15,100,200,292.1850607844841,307.47917934818787,448,15
Regression Tree,2,base,15,250,500,332.05633496130986,345.30545044146436,243,15
Regression Tree,2,base,15,500,1000,371.16260154101315,378.62796609347566,135,15
Regression Tree,2,base,15,1000,2000,422.7480810052542,432.5556011671656,69,11
Regression Tree,2,base,15,2000,4000,452.61688408479773,458.94113881973453,35,8
Regression Tree,2,base,None,25,50,193.51631374786373,248.09941746607677,2826,44
Regression Tree,2,base,None,50,100,233.79256306370684,267.8985954669154,1411,34
Regression Tree,2,base,None,100,200,268.84831654277735,292.4754217735126,704,30
Regression Tree,2,base,None,250,500,325.90526436672934,341.34109701251793,285,22
Regression Tree,2,base,None,500,1000,370.18595590186817,378.2695920637392,141,19
Regression Tree,2,base,None,1000,2000,422.7480810052542,432.5556011671656,69,11
Regression Tree,2,base,None,2000,4000,452.61688408479773,458.94113881973453,35,8
Regression Tree,2,base_plus_poly,3,25,50,519.1772912837301,528.3253599749244,8,3
Regression Tree,2,base_plus_poly,3,50,100,519.1772912837301,528.3253599749244,8,3
Regression Tree,2,base_plus_poly,3,100,200,519.1772912837301,528.3253599749244,8,3
Regression Tree,2,base_plus_poly,3,250,500,519.1772912837301,528.3253599749244,8,3
Regression Tree,2,base_plus_poly,3,500,1000,519.1772912837301,528.3253599749244,8,3
Regression Tree,2,base_plus_poly,3,1000,2000,520.0859712901441,527.9877240053639,8,3
Regression Tree,2,base_plus_poly,3,2000,4000,520.0859712901441,527.9877240053639,8,3
Regression Tree,2,base_plus_poly,5,25,50,445.9503263114352,454.20764038737116,32,5
Regression Tree,2,base_plus_poly,5,50,100,446.0734454196755,453.74872218634573,31,5
Regression Tree,2,base_plus_poly,5,100,200,446.2991714823876,454.0521336462484,32,5
Regression Tree,2,base_plus_poly,5,250,500,447.15754414041464,454.09841480984056,30,5
Regression Tree,2,base_plus_poly,5,500,1000,450.5130942785341,456.2999407101332,25,5
Regression Tree,2,base_plus_poly,5,1000,2000,465.4823214761304,471.1290095128691,26,5
Regression Tree,2,base_plus_poly,5,2000,4000,472.27160313164313,478.30213026014525,21,5
Regression Tree,2,base_plus_poly,7,25,50,394.66225700438724,398.60702421678945,114,7
Regression Tree,2,base_plus_poly,7,50,100,396.08010821035236,400.44636704552255,109,7
Regression Tree,2,base_plus_poly,7,100,200,397.61292852336635,402.69031707991746,93,7
Regression Tree,2,base_plus_poly,7,250,500,402.0031847661761,406.71476852148174,68,7
Regression Tree,2,base_plus_poly,7,500,1000,412.9385307120402,414.8317751647062,52,7
Regression Tree,2,base_plus_poly,7,1000,2000,433.5999710939031,441.12673117475543,48,7
Regression Tree,2,base_plus_poly,7,2000,4000,453.29436704595787,458.9590411884083,34,7
Regression Tree,2,base_plus_poly,9,25,50,346.95051112902615,356.49873728526666,287,9
Regression Tree,2,base_plus_poly,9,50,100,350.9514588846158,360.89258038736415,242,9
Regression Tree,2,base_plus_poly,9,100,200,355.89753660087024,365.7863723023375,172,9
Regression Tree,2,base_plus_poly,9,250,500,369.6271125587111,377.0274086840725,108,9
Regression Tree,2,base_plus_poly,9,500,1000,387.5518591746383,392.1989079955625,83,9
Regression Tree,2,base_plus_poly,9,1000,2000,423.21182839099646,432.66431355286767,67,9
Regression Tree,2,base_plus_poly,9,2000,4000,452.61688408479773,458.94113881973453,35,8
Regression Tree,2,base_plus_poly,12,25,50,293.57098500765227,311.21763284740626,661,12
Regression Tree,2,base_plus_poly,12,50,100,304.7208060036902,321.41708332987844,480,12
Regression Tree,2,base_plus_poly,12,100,200,315.32237696758204,328.2508036632312,304,12
Regression Tree,2,base_plus_poly,12,250,500,341.9707998385628,352.55821483472323,189,12
Regression Tree,2,base_plus_poly,12,500,1000,373.4456929535959,380.3343449807508,127,12
Regression Tree,2,base_plus_poly,12,1000,2000,422.7480810052542,432.5556011671656,69,11
Regression Tree,2,base_plus_poly,12,2000,4000,452.61688408479773,458.94113881973453,35,8
Regression Tree,2,base_plus_poly,15,25,50,254.8410601261579,281.06649510704926,1141,15
Regression Tree,2,base_plus_poly,15,50,100,273.45329824776974,294.08882925446204,749,15
Regression Tree,2,base_plus_poly,15,100,200,292.1850607844841,307.47917934818787,448,15
Regression Tree,2,base_plus_poly,15,250,500,332.05633496130986,345.30545044146436,243,15
Regression Tree,2,base_plus_poly,15,500,1000,371.16260154101315,378.62796609347566,135,15
Regression Tree,2,base_plus_poly,15,1000,2000,422.7480810052542,432.5556011671656,69,11
Regression Tree,2,base_plus_poly,15,2000,4000,452.61688408479773,458.94113881973453,35,8
Regression Tree,2,base_plus_poly,None,25,50,193.51631374786373,248.096247732757,2826,44
Regression Tree,2,base_plus_poly,None,50,100,233.79256306370684,267.89857869889886,1411,34
Regression Tree,2,base_plus_poly,None,100,200,268.84831654277735,292.4754217735126,704,30
Regression Tree,2,base_plus_poly,None,250,500,325.90526436672934,341.34109701251793,285,22
Regression Tree,2,base_plus_poly,None,500,1000,370.18595590186817,378.2695920637392,141,19
Regression Tree,2,base_plus_poly,None,1000,2000,422.7480810052542,432.5556011671656,69,11
Regression Tree,2,base_plus_poly,None,2000,4000,452.61688408479773,458.94113881973453,35,8
Regression Tree,2,base_plus_interactions,3,25,50,519.1772912837301,528.3253599749244,8,3
Regression Tree,2,base_plus_interactions,3,50,100,519.1772912837301,528.3253599749244,8,3
Regression Tree,2,base_plus_interactions,3,100,200,519.1772912837301,528.3253599749244,8,3
Regression Tree,2,base_plus_interactions,3,250,500,519.1772912837301,528.3253599749244,8,3
Regression Tree,2,base_plus_interactions,3,500,1000,519.1772912837301,528.3253599749244,8,3
Regression Tree,2,base_plus_interactions,3,1000,2000,520.0859712901441,527.9877240053639,8,3
Regression Tree,2,base_plus_interactions,3,2000,4000,520.0859712901441,527.9877240053639,8,3
Regression Tree,2,base_plus_interactions,5,25,50,445.7693892324152,454.00904389144125,32,5
Regression Tree,2,base_plus_interactions,5,50,100,445.8925083406555,453.55012569041577,31,5
Regression Tree,2,base_plus_interactions,5,100,200,446.01620617885646,453.8101169452121,32,5
Regression Tree,2,base_plus_interactions,5,250,500,447.294815447529,454.41005905889193,29,5
Regression Tree,2,base_plus_interactions,5,500,1000,450.23851977324773,455.9390619827155,25,5
Regression Tree,2,base_plus_interactions,5,1000,2000,465.3320756270782,471.92104607008264,26,5
Regression Tree,2,base_plus_interactions,5,2000,4000,471.5642330453357,477.614125335763,21,5
Regression Tree,2,base_plus_interactions,7,25,50,394.20826632356267,399.41942175369394,112,7
Regression Tree,2,base_plus_interactions,7,50,100,395.42944556541505,400.4735596781775,107,7
Regression Tree,2,base_plus_interactions,7,100,200,397.2565508626759,402.53493942935484,89,7
Regression Tree,2,base_plus_interactions,7,250,500,401.5992501888886,406.6397270055031,66,7
Regression Tree,2,base_plus_interactions,7,500,1000,411.93720434127385,414.0664084904576,52,7
Regression Tree,2,base_plus_interactions,7,1000,2000,432.78364509514364,441.14695951966036,49,7
Regression Tree,2,base_plus_interactions,7,2000,4000,452.49167208806296,459.11292571907325,34,7
Regression Tree,2,base_plus_interactions,9,25,50,346.7508315834171,358.8767461042876,283,9
Regression Tree,2,base_plus_interactions,9,50,100,350.679555590553,362.42938119597665,238,9
Regression Tree,2,base_plus_interactions,9,100,200,355.53192007052957,366.7618790086298,166,9
Regression Tree,2,base_plus_interactions,9,250,500,369.23406184174183,377.4003643064391,107,9
Regression Tree,2,base_plus_interactions,9,500,1000,385.6922069836762,391.2624933048474,84,9
Regression Tree,2,base_plus_interactions,9,1000,2000,423.03239687630713,432.497075981464,68,9
Regression Tree,2,base_plus_interactions,9,2000,4000,451.8672025302335,458.9775466662489,35,8
Regression Tree,2,base_plus_interactions,12,25,50,292.6939970945683,312.45598369220596,669,12
Regression Tree,2,base_plus_interactions,12,50,100,304.3949700463526,321.39170748733085,473,12
Regression Tree,2,base_plus_interactions,12,100,200,314.9919851085442,327.9340442636666,302,12
Regression Tree,2,base_plus_interactions,12,250,500,342.49196427951654,353.36617658368357,188,12
Regression Tree,2,base_plus_interactions,12,500,1000,372.01041225725015,380.7267705395831,127,12
Regression Tree,2,base_plus_interactions,12,1000,2000,422.9472250628335,432.401449881058,69,10
Regression Tree,2,base_plus_interactions,12,2000,4000,451.8672025302335,458.9775466662489,35,8
Regression Tree,2,base_plus_interactions,15,25,50,254.98302583012182,281.30897061195753,1158,15
Regression Tree,2,base_plus_interactions,15,50,100,274.4510552116881,294.78348810979054,725,15
Regression Tree,2,base_plus_interactions,15,100,200,291.9539003445164,306.65964058812983,432,15
Regression Tree,2,base_plus_interactions,15,250,500,333.3470080584565,347.8956141925872,232,15
Regression Tree,2,base_plus_interactions,15,500,1000,369.69856889728334,379.1906143401242,138,15
Regression Tree,2,base_plus_interactions,15,1000,2000,422.9472250628335,432.401449881058,69,10
Regression Tree,2,base_plus_interactions,15,2000,4000,451.8672025302335,458.9775466662489,35,8
Regression Tree,2,base_plus_interactions,None,25,50,191.78627718991459,245.89602369402405,2838,43
Regression Tree,2,base_plus_interactions,None,50,100,231.94853334180723,268.318561411146,1415,34
Regression Tree,2,base_plus_interactions,None,100,200,267.1711922363337,291.62289977641797,700,30
Regression Tree,2,base_plus_interactions,None,250,500,326.265743108476,342.9676145094644,278,22
Regression Tree,2,base_plus_interactions,None,500,1000,368.6683599354969,378.6584225609928,143,18
Regression Tree,2,base_plus_interactions,None,1000,2000,422.9472250628335,432.401449881058,69,10
Regression Tree,2,base_plus_interactions,None,2000,4000,451.8672025302335,458.9775466662489,35,8
Regression Tree,2,base_plus_poly_interactions,3,25,50,519.1772912837301,528.3253599749244,8,3
Regression Tree,2,base_plus_poly_interactions,3,50,100,519.1772912837301,528.3253599749244,8,3
Regression Tree,2,base_plus_poly_interactions,3,100,200,519.1772912837301,528.3253599749244,8,3
Regression Tree,2,base_plus_poly_interactions,3,250,500,519.1772912837301,528.3253599749244,8,3
Regression Tree,2,base_plus_poly_interactions,3,500,1000,519.1772912837301,528.3253599749244,8,3
Regression Tree,2,base_plus_poly_interactions,3,1000,2000,520.0859712901441,527.9877240053639,8,3
Regression Tree,2,base_plus_poly_interactions,3,2000,4000,520.0859712901441,527.9877240053639,8,3
Regression Tree,2,base_plus_poly_interactions,5,25,50,445.7693892324152,454.00904389144125,32,5
Regression Tree,2,base_plus_poly_interactions,5,50,100,445.8925083406555,453.55012569041577,31,5
Regression Tree,2,base_plus_poly_interactions,5,100,200,446.01620617885646,453.8101169452121,32,5
Regression Tree,2,base_plus_poly_interactions,5,250,500,447.294815447529,454.41005905889193,29,5
Regression Tree,2,base_plus_poly_interactions,5,500,1000,450.23851977324773,455.9390619827155,25,5
Regression Tree,2,base_plus_poly_interactions,5,1000,2000,465.3320756270782,471.92104607008264,26,5
Regression Tree,2,base_plus_poly_interactions,5,2000,4000,471.5642330453357,477.614125335763,21,5
Regression Tree,2,base_plus_poly_interactions,7,25,50,394.20826632356267,399.41942175369394,112,7
Regression Tree,2,base_plus_poly_interactions,7,50,100,395.42944556541505,400.4735596781775,107,7
Regression Tree,2,base_plus_poly_interactions,7,100,200,397.2565508626759,402.53493942935484,89,7
Regression Tree,2,base_plus_poly_interactions,7,250,500,401.5992501888886,406.6397270055031,66,7
Regression Tree,2,base_plus_poly_interactions,7,500,1000,411.93720434127385,414.0664084904576,52,7
Regression Tree,2,base_plus_poly_interactions,7,1000,2000,432.78364509514364,441.14695951966036,49,7
Regression Tree,2,base_plus_poly_interactions,7,2000,4000,452.49167208806296,459.11292571907325,34,7
Regression Tree,2,base_plus_poly_interactions,9,25,50,346.7508315834171,358.8767461042876,283,9
Regression Tree,2,base_plus_poly_interactions,9,50,100,350.679555590553,362.4293644797132,238,9
Regression Tree,2,base_plus_poly_interactions,9,100,200,355.53192007052957,366.7618790086298,166,9
Regression Tree,2,base_plus_poly_interactions,9,250,500,369.23406184174183,377.4003643064391,107,9
Regression Tree,2,base_plus_poly_interactions,9,500,1000,385.6922069836762,391.2624933048474,84,9
Regression Tree,2,base_plus_poly_interactions,9,1000,2000,423.03239687630713,432.497075981464,68,9
Regression Tree,2,base_plus_poly_interactions,9,2000,4000,451.8672025302335,458.9775466662489,35,8
Regression Tree,2,base_plus_poly_interactions,12,25,50,292.6939970945683,312.41344568710247,669,12
Regression Tree,2,base_plus_poly_interactions,12,50,100,304.3949700463526,321.39170748733085,473,12
Regression Tree,2,base_plus_poly_interactions,12,100,200,314.9919851085442,327.9340442636666,302,12
Regression Tree,2,base_plus_poly_interactions,12,250,500,342.49196427951654,353.36617658368357,188,12
Regression Tree,2,base_plus_poly_interactions,12,500,1000,372.01041225725015,380.7267705395831,127,12
Regression Tree,2,base_plus_poly_interactions,12,1000,2000,422.9472250628335,432.401449881058,69,10
Regression Tree,2,base_plus_poly_interactions,12,2000,4000,451.8672025302335,458.9775466662489,35,8
Regression Tree,2,base_plus_poly_interactions,15,25,50,254.98302583012182,281.3101665253291,1158,15
Regression Tree,2,base_plus_poly_interactions,15,50,100,274.4510552116881,294.7836459634055,725,15
Regression Tree,2,base_plus_poly_interactions,15,100,200,291.9539003445164,306.65964058812983,432,15
Regression Tree,2,base_plus_poly_interactions,15,250,500,333.3470080584565,347.8956141925872,232,15
Regression Tree,2,base_plus_poly_interactions,15,500,1000,369.69856889728334,379.1906143401242,138,15
Regression Tree,2,base_plus_poly_interactions,15,1000,2000,422.9472250628335,432.401449881058,69,10
Regression Tree,2,base_plus_poly_interactions,15,2000,4000,451.8672025302335,458.9775466662489,35,8
Regression Tree,2,base_plus_poly_interactions,None,25,50,191.78627718991459,245.90969321760826,2838,43
Regression Tree,2,base_plus_poly_interactions,None,50,100,231.94853334180718,268.3185613593929,1415,34
Regression Tree,2,base_plus_poly_interactions,None,100,200,267.1711922363337,291.62289977641797,700,30
Regression Tree,2,base_plus_poly_interactions,None,250,500,326.265743108476,342.9676145094644,278,22
Regression Tree,2,base_plus_poly_interactions,None,500,1000,368.6683599354969,378.6584225609928,143,18
Regression Tree,2,base_plus_poly_interactions,None,1000,2000,422.9472250628335,432.401449881058,69,10
Regression Tree,2,base_plus_poly_interactions,None,2000,4000,451.8672025302335,458.9775466662489,35,8
Regression Tree,3,base,3,25,50,520.7278088968413,524.0100976797672,8,3
Regression Tree,3,base,3,50,100,520.7278088968413,524.0100976797672,8,3
Regression Tree,3,base,3,100,200,520.7278088968413,524.0100976797672,8,3
Regression Tree,3,base,3,250,500,520.7278088968413,524.0100976797672,8,3
Regression Tree,3,base,3,500,1000,520.7278088968413,524.0100976797672,8,3
Regression Tree,3,base,3,1000,2000,521.6200466137997,523.7409884444025,8,3
Regression Tree,3,base,3,2000,4000,521.6200466137997,523.7409884444025,8,3
Regression Tree,3,base,5,25,50,446.63631897349524,444.74354640593896,32,5
Regression Tree,3,base,5,50,100,446.8577062848293,444.9857504277432,31,5
Regression Tree,3,base,5,100,200,446.96702744921754,445.4478225334106,31,5
Regression Tree,3,base,5,250,500,447.4592863434014,445.54813971794977,31,5
Regression Tree,3,base,5,500,1000,451.3773995340191,449.6683369279515,27,5
Regression Tree,3,base,5,1000,2000,462.58563195455184,464.3050980009487,27,5
Regression Tree,3,base,5,2000,4000,471.37900258280104,470.3406514144371,23,5
Regression Tree,3,base,7,25,50,396.7876105028083,400.7854954083595,112,7
Regression Tree,3,base,7,50,100,398.2564984002935,403.333902442962,109,7
Regression Tree,3,base,7,100,200,400.38044256967555,404.17417288000246,92,7
Regression Tree,3,base,7,250,500,403.7787804888418,406.0634309848629,73,7
Regression Tree,3,base,7,500,1000,414.49799898947725,418.47504018068486,56,7
Regression Tree,3,base,7,1000,2000,434.8114828874189,439.4562597634106,55,7
Regression Tree,3,base,7,2000,4000,454.26592064906123,456.6198839052455,32,7
Regression Tree,3,base,9,25,50,352.60112734006276,363.758190500478,283,9
Regression Tree,3,base,9,50,100,356.05940050598207,367.4974975230063,249,9
Regression Tree,3,base,9,100,200,361.4611310803899,369.28663718847656,185,9
Regression Tree,3,base,9,250,500,372.29713300870463,378.7491316504815,116,9
Regression Tree,3,base,9,500,1000,390.8102532979338,397.2589049851977,88,9
Regression Tree,3,base,9,1000,2000,427.84737371938274,433.9229928575032,70,9
Regression Tree,3,base,9,2000,4000,452.6360834620737,454.55255312909884,34,8
Regression Tree,3,base,12,25,50,296.2609991879305,319.46607787353366,716,12
Regression Tree,3,base,12,50,100,308.4013505976701,329.43399756514606,503,12
Regression Tree,3,base,12,100,200,320.5206829669765,335.97500162451456,334,12
Regression Tree,3,base,12,250,500,343.7713812652439,354.9141534072222,185,12
Regression Tree,3,base,12,500,1000,375.9258954682533,384.6203401883314,125,12
Regression Tree,3,base,12,1000,2000,427.4146526426707,433.6834959379366,73,10
Regression Tree,3,base,12,2000,4000,452.6360834620737,454.55255312909884,34,8
Regression Tree,3,base,15,25,50,256.50629033305916,292.5234624336903,1215,15
Regression Tree,3,base,15,50,100,275.95360835401544,303.5306952638866,771,15
Regression Tree,3,base,15,100,200,296.1414444904155,317.8299582895385,465,15
Regression Tree,3,base,15,250,500,331.5950633248896,345.89131795166816,242,15
Regression Tree,3,base,15,500,1000,374.1766368793616,383.62250521447527,133,15
Regression Tree,3,base,15,1000,2000,427.4146526426707,433.6834959379366,73,10
Regression Tree,3,base,15,2000,4000,452.6360834620737,454.55255312909884,34,8
Regression Tree,3,base,None,25,50,194.93499549170448,257.27969498014767,2824,42
Regression Tree,3,base,None,50,100,236.6237249642709,277.55685062301546,1401,39
Regression Tree,3,base,None,100,200,273.6024284053925,301.94612778404235,712,31
Regression Tree,3,base,None,250,500,326.5587256219772,341.72265159503826,281,22
Regression Tree,3,base,None,500,1000,373.4888581140665,382.71037750078517,138,17
Regression Tree,3,base,None,1000,2000,427.4146526426707,433.6834959379366,73,10
Regression Tree,3,base,None,2000,4000,452.6360834620737,454.55255312909884,34,8
Regression Tree,3,base_plus_poly,3,25,50,520.7278088968413,524.0100976797672,8,3
Regression Tree,3,base_plus_poly,3,50,100,520.7278088968413,524.0100976797672,8,3
Regression Tree,3,base_plus_poly,3,100,200,520.7278088968413,524.0100976797672,8,3
Regression Tree,3,base_plus_poly,3,250,500,520.7278088968413,524.0100976797672,8,3
Regression Tree,3,base_plus_poly,3,500,1000,520.7278088968413,524.0100976797672,8,3
Regression Tree,3,base_plus_poly,3,1000,2000,521.6200466137997,523.7409884444025,8,3
Regression Tree,3,base_plus_poly,3,2000,4000,521.6200466137997,523.7409884444025,8,3
Regression Tree,3,base_plus_poly,5,25,50,446.63631897349524,444.74354640593896,32,5
Regression Tree,3,base_plus_poly,5,50,100,446.8577062848293,444.9857504277432,31,5
Regression Tree,3,base_plus_poly,5,100,200,446.96702744921754,445.4478225334106,31,5
Regression Tree,3,base_plus_poly,5,250,500,447.4592863434014,445.54813971794977,31,5
Regression Tree,3,base_plus_poly,5,500,1000,451.3773995340191,449.6683369279515,27,5
Regression Tree,3,base_plus_poly,5,1000,2000,462.58563195455184,464.3050980009487,27,5
Regression Tree,3,base_plus_poly,5,2000,4000,471.37900258280104,470.3406514144371,23,5
Regression Tree,3,base_plus_poly,7,25,50,396.7876105028083,400.7854954083595,112,7
Regression Tree,3,base_plus_poly,7,50,100,398.2564984002935,403.333902442962,109,7
Regression Tree,3,base_plus_poly,7,100,200,400.38044256967555,404.17417288000246,92,7
Regression Tree,3,base_plus_poly,7,250,500,403.7787804888418,406.0634309848629,73,7
Regression Tree,3,base_plus_poly,7,500,1000,414.49799898947725,418.47504018068486,56,7
Regression Tree,3,base_plus_poly,7,1000,2000,434.8114828874189,439.4562597634106,55,7
Regression Tree,3,base_plus_poly,7,2000,4000,454.26592064906123,456.6198839052455,32,7
Regression Tree,3,base_plus_poly,9,25,50,352.60112734006276,363.758190500478,283,9
Regression Tree,3,base_plus_poly,9,50,100,356.05940050598207,367.4974975230063,249,9
Regression Tree,3,base_plus_poly,9,100,200,361.4611310803899,369.28663718847656,185,9
Regression Tree,3,base_plus_poly,9,250,500,372.29713300870463,378.7491316504815,116,9
Regression Tree,3,base_plus_poly,9,500,1000,390.8102532979338,397.2589049851977,88,9
Regression Tree,3,base_plus_poly,9,1000,2000,427.84737371938274,433.9229928575032,70,9
Regression Tree,3,base_plus_poly,9,2000,4000,452.6360834620737,454.55255312909884,34,8
Regression Tree,3,base_plus_poly,12,25,50,296.2609991879305,319.46609224940516,716,12
Regression Tree,3,base_plus_poly,12,50,100,308.4013505976701,329.43399756514606,503,12
Regression Tree,3,base_plus_poly,12,100,200,320.5206829669765,335.97500162451456,334,12
Regression Tree,3,base_plus_poly,12,250,500,343.7713812652439,354.9141534072222,185,12
Regression Tree,3,base_plus_poly,12,500,1000,375.9258954682533,384.6203401883314,125,12
Regression Tree,3,base_plus_poly,12,1000,2000,427.4146526426707,433.6834959379366,73,10
Regression Tree,3,base_plus_poly,12,2000,4000,452.6360834620737,454.55255312909884,34,8
Regression Tree,3,base_plus_poly,15,25,50,256.5062903330592,292.5234768095619,1215,15
Regression Tree,3,base_plus_poly,15,50,100,275.95360835401544,303.5306952638866,771,15
Regression Tree,3,base_plus_poly,15,100,200,296.1414444904155,317.8299582895385,465,15
Regression Tree,3,base_plus_poly,15,250,500,331.5950633248896,345.89131795166816,242,15
Regression Tree,3,base_plus_poly,15,500,1000,374.1766368793616,383.62250521447527,133,15
Regression Tree,3,base_plus_poly,15,1000,2000,427.4146526426707,433.6834959379366,73,10
Regression Tree,3,base_plus_poly,15,2000,4000,452.6360834620737,454.55255312909884,34,8
Regression Tree,3,base_plus_poly,None,25,50,194.93499549170448,257.2764419851707,2824,42
Regression Tree,3,base_plus_poly,None,50,100,236.6237249642709,277.60698188622325,1401,39
Regression Tree,3,base_plus_poly,None,100,200,273.6024284053925,301.94612778404235,712,31
Regression Tree,3,base_plus_poly,None,250,500,326.5587256219772,341.72265159503826,281,22
Regression Tree,3,base_plus_poly,None,500,1000,373.4888581140665,382.71037750078517,138,17
Regression Tree,3,base_plus_poly,None,1000,2000,427.4146526426707,433.6834959379366,73,10
Regression Tree,3,base_plus_poly,None,2000,4000,452.6360834620737,454.55255312909884,34,8
Regression Tree,3,base_plus_interactions,3,25,50,520.1071641559282,523.8306705094361,8,3
Regression Tree,3,base_plus_interactions,3,50,100,520.1071641559282,523.8306705094361,8,3
Regression Tree,3,base_plus_interactions,3,100,200,520.1071641559282,523.8306705094361,8,3
Regression Tree,3,base_plus_interactions,3,250,500,520.1071641559282,523.8306705094361,8,3
Regression Tree,3,base_plus_interactions,3,500,1000,520.1071641559282,523.8306705094361,8,3
Regression Tree,3,base_plus_interactions,3,1000,2000,520.8569577827133,524.0885547022232,8,3
Regression Tree,3,base_plus_interactions,3,2000,4000,520.8569577827133,524.0885547022232,8,3
Regression Tree,3,base_plus_interactions,5,25,50,446.2508522977119,446.07900929485146,32,5
Regression Tree,3,base_plus_interactions,5,50,100,446.40088871783445,446.0039085689782,31,5
Regression Tree,3,base_plus_interactions,5,100,200,446.5476274716291,446.56332279800034,31,5
Regression Tree,3,base_plus_interactions,5,250,500,447.0847564197615,446.7876749169635,31,5
Regression Tree,3,base_plus_interactions,5,500,1000,451.1725785125399,450.79729276382045,26,5
Regression Tree,3,base_plus_interactions,5,1000,2000,462.07977787236194,466.56197636676046,27,5
Regression Tree,3,base_plus_interactions,5,2000,4000,470.74838189403647,472.2014195589869,23,5
Regression Tree,3,base_plus_interactions,7,25,50,396.5804794601801,401.7593565167331,114,7
Regression Tree,3,base_plus_interactions,7,50,100,398.2279187304651,404.19740496959383,108,7
Regression Tree,3,base_plus_interactions,7,100,200,400.4001374155928,405.3927405924756,90,7
Regression Tree,3,base_plus_interactions,7,250,500,403.37118592772765,406.4719172140504,72,7
Regression Tree,3,base_plus_interactions,7,500,1000,414.3787423191169,419.3763286048173,53,7
Regression Tree,3,base_plus_interactions,7,1000,2000,434.8457839988453,442.148479070261,54,7
Regression Tree,3,base_plus_interactions,7,2000,4000,453.5455076770155,457.2577143023135,33,7
Regression Tree,3,base_plus_interactions,9,25,50,351.92353241583646,364.65623049124935,280,9
Regression Tree,3,base_plus_interactions,9,50,100,356.07625726743044,368.8451975577035,232,9
Regression Tree,3,base_plus_interactions,9,100,200,360.7217357805236,371.3833347799298,182,9
Regression Tree,3,base_plus_interactions,9,250,500,372.23370794623077,380.0360468035172,110,9
Regression Tree,3,base_plus_interactions,9,500,1000,389.62138778402516,396.8255829905756,85,9
Regression Tree,3,base_plus_interactions,9,1000,2000,428.37053659805343,437.32236449183733,68,9
Regression Tree,3,base_plus_interactions,9,2000,4000,451.915670490028,455.1903835261667,35,8
Regression Tree,3,base_plus_interactions,12,25,50,296.3305466298121,320.264144077036,709,12
Regression Tree,3,base_plus_interactions,12,50,100,308.8031314236701,330.51193443324456,501,12
Regression Tree,3,base_plus_interactions,12,100,200,320.9428867322838,339.3097354136548,332,12
Regression Tree,3,base_plus_interactions,12,250,500,342.77458405353406,354.6066623125495,181,12
Regression Tree,3,base_plus_interactions,12,500,1000,374.4731091172844,384.95952891637825,123,12
Regression Tree,3,base_plus_interactions,12,1000,2000,427.77167738864927,436.83221069339544,71,10
Regression Tree,3,base_plus_interactions,12,2000,4000,451.915670490028,455.1903835261667,35,8
Regression Tree,3,base_plus_interactions,15,25,50,256.7587837967293,293.0053273881617,1192,15
Regression Tree,3,base_plus_interactions,15,50,100,276.3718126894221,304.81738347290883,769,15
Regression Tree,3,base_plus_interactions,15,100,200,295.6958974710438,317.43902230438266,465,15
Regression Tree,3,base_plus_interactions,15,250,500,330.1013280205451,345.0911861709969,239,15
Regression Tree,3,base_plus_interactions,15,500,1000,371.9644689384154,383.19658287606256,135,15
Regression Tree,3,base_plus_interactions,15,1000,2000,427.77167738864927,436.83221069339544,71,10
Regression Tree,3,base_plus_interactions,15,2000,4000,451.915670490028,455.1903835261667,35,8
Regression Tree,3,base_plus_interactions,None,25,50,193.8934155814937,257.7072692130446,2824,42
Regression Tree,3,base_plus_interactions,None,50,100,236.38708092051516,280.1571007967638,1423,40
Regression Tree,3,base_plus_interactions,None,100,200,271.8702464476752,301.050481084895,717,34
Regression Tree,3,base_plus_interactions,None,250,500,324.3091342996738,340.32701626078915,286,22
Regression Tree,3,base_plus_interactions,None,500,1000,371.3429798853411,382.63859259417825,140,18
Regression Tree,3,base_plus_interactions,None,1000,2000,427.77167738864927,436.83221069339544,71,10
Regression Tree,3,base_plus_interactions,None,2000,4000,451.915670490028,455.1903835261667,35,8
Regression Tree,3,base_plus_poly_interactions,3,25,50,520.1071641559282,523.8306705094361,8,3
Regression Tree,3,base_plus_poly_interactions,3,50,100,520.1071641559282,523.8306705094361,8,3
Regression Tree,3,base_plus_poly_interactions,3,100,200,520.1071641559282,523.8306705094361,8,3
Regression Tree,3,base_plus_poly_interactions,3,250,500,520.1071641559282,523.8306705094361,8,3
Regression Tree,3,base_plus_poly_interactions,3,500,1000,520.1071641559282,523.8306705094361,8,3
Regression Tree,3,base_plus_poly_interactions,3,1000,2000,520.8569577827133,524.0885547022232,8,3
Regression Tree,3,base_plus_poly_interactions,3,2000,4000,520.8569577827133,524.0885547022232,8,3
Regression Tree,3,base_plus_poly_interactions,5,25,50,446.2508522977119,446.07900929485146,32,5
Regression Tree,3,base_plus_poly_interactions,5,50,100,446.40088871783445,446.0039085689782,31,5
Regression Tree,3,base_plus_poly_interactions,5,100,200,446.5476274716291,446.56332279800034,31,5
Regression Tree,3,base_plus_poly_interactions,5,250,500,447.0847564197615,446.7876749169635,31,5
Regression Tree,3,base_plus_poly_interactions,5,500,1000,451.1725785125399,450.79729276382045,26,5
Regression Tree,3,base_plus_poly_interactions,5,1000,2000,462.07977787236194,466.56197636676046,27,5
Regression Tree,3,base_plus_poly_interactions,5,2000,4000,470.74838189403647,472.2014195589869,23,5
Regression Tree,3,base_plus_poly_interactions,7,25,50,396.5804794601801,401.7593565167331,114,7
Regression Tree,3,base_plus_poly_interactions,7,50,100,398.2279187304651,404.19740496959383,108,7
Regression Tree,3,base_plus_poly_interactions,7,100,200,400.4001374155928,405.3927405924756,90,7
Regression Tree,3,base_plus_poly_interactions,7,250,500,403.37118592772765,406.4719172140504,72,7
Regression Tree,3,base_plus_poly_interactions,7,500,1000,414.3787423191169,419.3763286048173,53,7
Regression Tree,3,base_plus_poly_interactions,7,1000,2000,434.8457839988453,442.148479070261,54,7
Regression Tree,3,base_plus_poly_interactions,7,2000,4000,453.5455076770155,457.2577143023135,33,7
Regression Tree,3,base_plus_poly_interactions,9,25,50,351.92353241583646,364.65623049124935,280,9
Regression Tree,3,base_plus_poly_interactions,9,50,100,356.07625726743044,368.8451975577035,232,9
Regression Tree,3,base_plus_poly_interactions,9,100,200,360.7217357805236,371.3833347799298,182,9
Regression Tree,3,base_plus_poly_interactions,9,250,500,372.23370794623077,380.0360468035172,110,9
Regression Tree,3,base_plus_poly_interactions,9,500,1000,389.62138778402516,396.8255829905756,85,9
Regression Tree,3,base_plus_poly_interactions,9,1000,2000,428.37053659805343,437.32236449183733,68,9
Regression Tree,3,base_plus_poly_interactions,9,2000,4000,451.915670490028,455.1903835261667,35,8
Regression Tree,3,base_plus_poly_interactions,12,25,50,296.33054662981215,320.264144077036,709,12
Regression Tree,3,base_plus_poly_interactions,12,50,100,308.8031314236701,330.51193443324456,501,12
Regression Tree,3,base_plus_poly_interactions,12,100,200,320.9428867322838,339.30958248637137,332,12
Regression Tree,3,base_plus_poly_interactions,12,250,500,342.77458405353406,354.6066623125495,181,12
Regression Tree,3,base_plus_poly_interactions,12,500,1000,374.4731091172844,384.95952891637825,123,12
Regression Tree,3,base_plus_poly_interactions,12,1000,2000,427.77167738864927,436.83221069339544,71,10
Regression Tree,3,base_plus_poly_interactions,12,2000,4000,451.915670490028,455.1903835261667,35,8
Regression Tree,3,base_plus_poly_interactions,15,25,50,256.7587837967293,293.00533180442943,1192,15
Regression Tree,3,base_plus_poly_interactions,15,50,100,276.3718126894221,304.81738354191293,769,15
Regression Tree,3,base_plus_poly_interactions,15,100,200,295.6958974710438,317.43902230438266,465,15
Regression Tree,3,base_plus_poly_interactions,15,250,500,330.1013280205451,345.0911861709969,239,15
Regression Tree,3,base_plus_poly_interactions,15,500,1000,371.9644689384154,383.19658287606256,135,15
Regression Tree,3,base_plus_poly_interactions,15,1000,2000,427.77167738864927,436.83221069339544,71,10
Regression Tree,3,base_plus_poly_interactions,15,2000,4000,451.915670490028,455.1903835261667,35,8
Regression Tree,3,base_plus_poly_interactions,None,25,50,193.8934155814937,257.7087682920566,2824,42
Regression Tree,3,base_plus_poly_interactions,None,50,100,236.38708092051516,280.15710072775954,1423,40
Regression Tree,3,base_plus_poly_interactions,None,100,200,271.87024644767524,301.05063401217836,717,34
Regression Tree,3,base_plus_poly_interactions,None,250,500,324.3091342996738,340.32701626078915,286,22
Regression Tree,3,base_plus_poly_interactions,None,500,1000,371.3429798853411,382.63859259417825,140,18
Regression Tree,3,base_plus_poly_interactions,None,1000,2000,427.77167738864927,436.83221069339544,71,10
Regression Tree,3,base_plus_poly_interactions,None,2000,4000,451.915670490028,455.1903835261667,35,8
Regression Tree,4,base,3,25,50,520.5288035248301,523.2210327582727,8,3
Regression Tree,4,base,3,50,100,520.5288035248301,523.2210327582727,8,3
Regression Tree,4,base,3,100,200,520.5288035248301,523.2210327582727,8,3
Regression Tree,4,base,3,250,500,520.5288035248301,523.2210327582727,8,3
Regression Tree,4,base,3,500,1000,520.5288035248301,523.2210327582727,8,3
Regression Tree,4,base,3,1000,2000,521.6895306142499,521.3633265284267,8,3
Regression Tree,4,base,3,2000,4000,521.6895306142499,521.3633265284267,8,3
Regression Tree,4,base,5,25,50,447.3787638603266,446.62340465770893,32,5
Regression Tree,4,base,5,50,100,447.5020274774014,446.7180791419668,31,5
Regression Tree,4,base,5,100,200,447.56129289947614,446.69028261785536,32,5
Regression Tree,4,base,5,250,500,448.53578983696616,447.77624320355596,29,5
Regression Tree,4,base,5,500,1000,451.2887958394147,450.6074842095595,24,5
Regression Tree,4,base,5,1000,2000,467.4578496485123,465.24917638919374,26,5
Regression Tree,4,base,5,2000,4000,471.994598361068,472.04616751770374,23,5
Regression Tree,4,base,7,25,50,393.75349940972006,395.30986879761576,115,7
Regression Tree,4,base,7,50,100,395.64770256114696,396.5882405527783,105,7
Regression Tree,4,base,7,100,200,397.53266091122276,398.5655564411465,88,7
Regression Tree,4,base,7,250,500,402.5379640487302,401.416916107846,69,7
Regression Tree,4,base,7,500,1000,413.944269890075,413.31728978970585,54,7
Regression Tree,4,base,7,1000,2000,435.24598069819274,437.2748665742995,48,7
Regression Tree,4,base,7,2000,4000,452.14463925972103,455.09686465588476,34,7
Regression Tree,4,base,9,25,50,345.818766841294,356.47349798380776,286,9
Regression Tree,4,base,9,50,100,350.8857538238513,361.5153563676383,237,9
Regression Tree,4,base,9,100,200,355.4052613247913,364.7530372914877,174,9
Regression Tree,4,base,9,250,500,371.06130453700604,373.609321157922,116,9
Regression Tree,4,base,9,500,1000,388.02318654481576,389.43008657317336,88,9
Regression Tree,4,base,9,1000,2000,425.48250201700034,427.6946557041584,69,9
Regression Tree,4,base,9,2000,4000,451.6003083607629,454.5039122502223,35,8
Regression Tree,4,base,12,25,50,291.64296334543764,307.9881389968444,659,12
Regression Tree,4,base,12,50,100,303.78977555849866,317.3264252350532,489,12
Regression Tree,4,base,12,100,200,315.0356927224324,324.4869280745522,315,12
Regression Tree,4,base,12,250,500,345.4342706508141,347.98416364429175,194,12
Regression Tree,4,base,12,500,1000,375.7678924811918,378.8936819121852,124,12
Regression Tree,4,base,12,1000,2000,425.241315939601,427.57564020369443,71,10
Regression Tree,4,base,12,2000,4000,451.6003083607629,454.5039122502223,35,8
Regression Tree,4,base,15,25,50,250.78641765605664,276.3493842448948,1159,15
Regression Tree,4,base,15,50,100,271.4126095150665,288.87266308782426,766,15
Regression Tree,4,base,15,100,200,290.94073466403586,303.204898015452,463,15
Regression Tree,4,base,15,250,500,334.63201857983336,340.5636427553345,244,15
Regression Tree,4,base,15,500,1000,372.9522719437045,376.6263162776256,138,15
Regression Tree,4,base,15,1000,2000,425.241315939601,427.57564020369443,71,10
Regression Tree,4,base,15,2000,4000,451.6003083607629,454.5039122502223,35,8
Regression Tree,4,base,None,25,50,194.2176199867913,246.44746949557214,2820,37
Regression Tree,4,base,None,50,100,234.767959974069,265.6783655272831,1403,33
Regression Tree,4,base,None,100,200,271.1339036044645,290.3245488293804,696,29
Regression Tree,4,base,None,250,500,329.21033599552686,336.68688645007796,285,21
Regression Tree,4,base,None,500,1000,372.7448424457506,376.4367561597152,140,16
Regression Tree,4,base,None,1000,2000,425.241315939601,427.57564020369443,71,10
Regression Tree,4,base,None,2000,4000,451.6003083607629,454.5039122502223,35,8
Regression Tree,4,base_plus_poly,3,25,50,520.5288035248301,523.2210327582727,8,3
Regression Tree,4,base_plus_poly,3,50,100,520.5288035248301,523.2210327582727,8,3
Regression Tree,4,base_plus_poly,3,100,200,520.5288035248301,523.2210327582727,8,3
Regression Tree,4,base_plus_poly,3,250,500,520.5288035248301,523.2210327582727,8,3
Regression Tree,4,base_plus_poly,3,500,1000,520.5288035248301,523.2210327582727,8,3
Regression Tree,4,base_plus_poly,3,1000,2000,521.6895306142499,521.3633265284267,8,3
Regression Tree,4,base_plus_poly,3,2000,4000,521.6895306142499,521.3633265284267,8,3
Regression Tree,4,base_plus_poly,5,25,50,447.3787638603266,446.62340465770893,32,5
Regression Tree,4,base_plus_poly,5,50,100,447.5020274774014,446.7180791419668,31,5
Regression Tree,4,base_plus_poly,5,100,200,447.56129289947614,446.69028261785536,32,5
Regression Tree,4,base_plus_poly,5,250,500,448.53578983696616,447.77624320355596,29,5
Regression Tree,4,base_plus_poly,5,500,1000,451.2887958394147,450.6074842095595,24,5
Regression Tree,4,base_plus_poly,5,1000,2000,467.4578496485123,465.24917638919374,26,5
Regression Tree,4,base_plus_poly,5,2000,4000,471.994598361068,472.04616751770374,23,5
Regression Tree,4,base_plus_poly,7,25,50,393.75349940972006,395.30986879761576,115,7
Regression Tree,4,base_plus_poly,7,50,100,395.64770256114696,396.5882405527783,105,7
Regression Tree,4,base_plus_poly,7,100,200,397.53266091122276,398.5655564411465,88,7
Regression Tree,4,base_plus_poly,7,250,500,402.5379640487302,401.416916107846,69,7
Regression Tree,4,base_plus_poly,7,500,1000,413.944269890075,413.31728978970585,54,7
Regression Tree,4,base_plus_poly,7,1000,2000,435.24598069819274,437.2748665742995,48,7
Regression Tree,4,base_plus_poly,7,2000,4000,452.14463925972103,455.09686465588476,34,7
Regression Tree,4,base_plus_poly,9,25,50,345.818766841294,356.47349798380776,286,9
Regression Tree,4,base_plus_poly,9,50,100,350.8857538238513,361.5153563676383,237,9
Regression Tree,4,base_plus_poly,9,100,200,355.4052613247913,364.7530372914877,174,9
Regression Tree,4,base_plus_poly,9,250,500,371.06130453700604,373.609321157922,116,9
Regression Tree,4,base_plus_poly,9,500,1000,388.02318654481576,389.43008657317336,88,9
Regression Tree,4,base_plus_poly,9,1000,2000,425.48250201700034,427.6946557041584,69,9
Regression Tree,4,base_plus_poly,9,2000,4000,451.6003083607629,454.5039122502223,35,8
Regression Tree,4,base_plus_poly,12,25,50,291.6429590205567,307.9883607491349,659,12
Regression Tree,4,base_plus_poly,12,50,100,303.78977555849866,317.3264252350532,489,12
Regression Tree,4,base_plus_poly,12,100,200,315.0356927224324,324.4869280745522,315,12
Regression Tree,4,base_plus_poly,12,250,500,345.4342706508141,347.98416364429175,194,12
Regression Tree,4,base_plus_poly,12,500,1000,375.7678924811918,378.8936819121852,124,12
Regression Tree,4,base_plus_poly,12,1000,2000,425.241315939601,427.57564020369443,71,10
Regression Tree,4,base_plus_poly,12,2000,4000,451.6003083607629,454.5039122502223,35,8
Regression Tree,4,base_plus_poly,15,25,50,250.78647238935014,276.3481159158369,1159,15
Regression Tree,4,base_plus_poly,15,50,100,271.4126095150665,288.8597684562868,766,15
Regression Tree,4,base_plus_poly,15,100,200,290.94073466403586,303.204898015452,463,15
Regression Tree,4,base_plus_poly,15,250,500,334.63201857983336,340.5636427553345,244,15
Regression Tree,4,base_plus_poly,15,500,1000,372.9522719437045,376.6263162776256,138,15
Regression Tree,4,base_plus_poly,15,1000,2000,425.241315939601,427.57564020369443,71,10
Regression Tree,4,base_plus_poly,15,2000,4000,451.6003083607629,454.5039122502223,35,8
Regression Tree,4,base_plus_poly,None,25,50,194.2176199867913,246.45513987312134,2820,37
Regression Tree,4,base_plus_poly,None,50,100,234.767959974069,265.6912607798582,1403,33
Regression Tree,4,base_plus_poly,None,100,200,271.1339036044645,290.3245488293804,696,29
Regression Tree,4,base_plus_poly,None,250,500,329.21033599552686,336.68688645007796,285,21
Regression Tree,4,base_plus_poly,None,500,1000,372.7448424457506,376.4367561597152,140,16
Regression Tree,4,base_plus_poly,None,1000,2000,425.241315939601,427.57564020369443,71,10
Regression Tree,4,base_plus_poly,None,2000,4000,451.6003083607629,454.5039122502223,35,8
Regression Tree,4,base_plus_interactions,3,25,50,520.5288035248301,523.2210327582727,8,3
Regression Tree,4,base_plus_interactions,3,50,100,520.5288035248301,523.2210327582727,8,3
Regression Tree,4,base_plus_interactions,3,100,200,520.5288035248301,523.2210327582727,8,3
Regression Tree,4,base_plus_interactions,3,250,500,520.5288035248301,523.2210327582727,8,3
Regression Tree,4,base_plus_interactions,3,500,1000,520.5288035248301,523.2210327582727,8,3
Regression Tree,4,base_plus_interactions,3,1000,2000,521.6638560589494,521.2663020413319,8,3
Regression Tree,4,base_plus_interactions,3,2000,4000,521.6638560589494,521.2663020413319,8,3
Regression Tree,4,base_plus_interactions,5,25,50,447.0595938275214,446.26139182818264,32,5
Regression Tree,4,base_plus_interactions,5,50,100,447.18285744459627,446.3560663124405,31,5
Regression Tree,4,base_plus_interactions,5,100,200,447.3196548434749,446.6139411722876,32,5
Regression Tree,4,base_plus_interactions,5,250,500,448.30269510098344,447.73525599984964,29,5
Regression Tree,4,base_plus_interactions,5,500,1000,451.1884624227317,450.6607622126847,24,5
Regression Tree,4,base_plus_interactions,5,1000,2000,467.6548023922557,465.6341351730117,26,5
Regression Tree,4,base_plus_interactions,5,2000,4000,471.5011700942995,471.35271780863127,23,5
Regression Tree,4,base_plus_interactions,7,25,50,393.1204256402196,395.2600417414495,116,7
Regression Tree,4,base_plus_interactions,7,50,100,395.0084705425539,396.1589323214785,105,7
Regression Tree,4,base_plus_interactions,7,100,200,396.9309212490708,397.95236588444476,87,7
Regression Tree,4,base_plus_interactions,7,250,500,401.7094990769236,401.0781319370335,68,7
Regression Tree,4,base_plus_interactions,7,500,1000,412.9595271920118,412.9612629742643,54,7
Regression Tree,4,base_plus_interactions,7,1000,2000,434.76093067018184,437.1317578228579,48,7
Regression Tree,4,base_plus_interactions,7,2000,4000,451.90749615355304,455.2823587300837,34,7
Regression Tree,4,base_plus_interactions,9,25,50,345.3999344263416,356.89369525615155,287,9
Regression Tree,4,base_plus_interactions,9,50,100,350.5775423920324,361.08305202985053,233,9
Regression Tree,4,base_plus_interactions,9,100,200,354.9364756025117,364.91164956273326,172,9
Regression Tree,4,base_plus_interactions,9,250,500,369.91413542626907,373.7305179195866,116,9
Regression Tree,4,base_plus_interactions,9,500,1000,386.80724167881164,390.18528477102194,88,9
Regression Tree,4,base_plus_interactions,9,1000,2000,424.9736076673654,426.61527355622854,70,9
Regression Tree,4,base_plus_interactions,9,2000,4000,451.381787224114,454.666831740292,35,8
Regression Tree,4,base_plus_interactions,12,25,50,291.9430299297003,310.11438399628634,666,12
Regression Tree,4,base_plus_interactions,12,50,100,304.20717166574065,318.47355414847044,478,12
Regression Tree,4,base_plus_interactions,12,100,200,315.7474557065717,326.1790162967791,316,12
Regression Tree,4,base_plus_interactions,12,250,500,345.0101714323721,350.0093479449614,190,12
Regression Tree,4,base_plus_interactions,12,500,1000,374.84696583064397,380.23413123175067,124,12
Regression Tree,4,base_plus_interactions,12,1000,2000,424.89142800799885,426.5666951422528,71,10
Regression Tree,4,base_plus_interactions,12,2000,4000,451.381787224114,454.666831740292,35,8
Regression Tree,4,base_plus_interactions,15,25,50,253.63445072771873,280.1533083014865,1136,15
Regression Tree,4,base_plus_interactions,15,50,100,273.28706658034594,291.27310038686755,730,15
Regression Tree,4,base_plus_interactions,15,100,200,292.4746661664682,305.22539289065855,431,15
Regression Tree,4,base_plus_interactions,15,250,500,334.06205667443754,339.21520810406315,242,15
Regression Tree,4,base_plus_interactions,15,500,1000,372.6074457742589,378.4131434103045,135,15
Regression Tree,4,base_plus_interactions,15,1000,2000,424.89142800799885,426.5666951422528,71,10
Regression Tree,4,base_plus_interactions,15,2000,4000,451.381787224114,454.666831740292,35,8
Regression Tree,4,base_plus_interactions,None,25,50,192.04663291261568,247.12742359642814,2819,37
Regression Tree,4,base_plus_interactions,None,50,100,232.6855664073733,264.03103786822754,1406,32
Regression Tree,4,base_plus_interactions,None,100,200,267.13613840020923,287.62185889912325,704,27
Regression Tree,4,base_plus_interactions,None,250,500,328.959033257208,334.783107592099,285,22
Regression Tree,4,base_plus_interactions,None,500,1000,371.8245366461402,377.9517165847236,140,18
Regression Tree,4,base_plus_interactions,None,1000,2000,424.89142800799885,426.5666951422528,71,10
Regression Tree,4,base_plus_interactions,None,2000,4000,451.381787224114,454.666831740292,35,8
Regression Tree,4,base_plus_poly_interactions,3,25,50,520.5288035248301,523.2210327582727,8,3
Regression Tree,4,base_plus_poly_interactions,3,50,100,520.5288035248301,523.2210327582727,8,3
Regression Tree,4,base_plus_poly_interactions,3,100,200,520.5288035248301,523.2210327582727,8,3
Regression Tree,4,base_plus_poly_interactions,3,250,500,520.5288035248301,523.2210327582727,8,3
Regression Tree,4,base_plus_poly_interactions,3,500,1000,520.5288035248301,523.2210327582727,8,3
Regression Tree,4,base_plus_poly_interactions,3,1000,2000,521.6638560589494,521.2663020413319,8,3
Regression Tree,4,base_plus_poly_interactions,3,2000,4000,521.6638560589494,521.2663020413319,8,3
Regression Tree,4,base_plus_poly_interactions,5,25,50,447.0595938275214,446.26139182818264,32,5
Regression Tree,4,base_plus_poly_interactions,5,50,100,447.18285744459627,446.3560663124405,31,5
Regression Tree,4,base_plus_poly_interactions,5,100,200,447.3196548434749,446.6139411722876,32,5
Regression Tree,4,base_plus_poly_interactions,5,250,500,448.30269510098344,447.73525599984964,29,5
Regression Tree,4,base_plus_poly_interactions,5,500,1000,451.1884624227317,450.6607622126847,24,5
Regression Tree,4,base_plus_poly_interactions,5,1000,2000,467.6548023922557,465.6341351730117,26,5
Regression Tree,4,base_plus_poly_interactions,5,2000,4000,471.5011700942995,471.35271780863127,23,5
Regression Tree,4,base_plus_poly_interactions,7,25,50,393.1204256402196,395.2600417414495,116,7
Regression Tree,4,base_plus_poly_interactions,7,50,100,395.0084705425539,396.1589323214785,105,7
Regression Tree,4,base_plus_poly_interactions,7,100,200,396.9309212490708,397.95236588444476,87,7
Regression Tree,4,base_plus_poly_interactions,7,250,500,401.7094990769236,401.0781319370335,68,7
Regression Tree,4,base_plus_poly_interactions,7,500,1000,412.9595271920118,412.9612629742643,54,7
Regression Tree,4,base_plus_poly_interactions,7,1000,2000,434.76093067018184,437.1317578228579,48,7
Regression Tree,4,base_plus_poly_interactions,7,2000,4000,451.90749615355304,455.2823587300837,34,7
Regression Tree,4,base_plus_poly_interactions,9,25,50,345.3999344263416,356.89369525615155,287,9
Regression Tree,4,base_plus_poly_interactions,9,50,100,350.5775423920324,361.08305202985053,233,9
Regression Tree,4,base_plus_poly_interactions,9,100,200,354.9364756025117,364.91164956273326,172,9
Regression Tree,4,base_plus_poly_interactions,9,250,500,369.91413542626907,373.7305179195866,116,9
Regression Tree,4,base_plus_poly_interactions,9,500,1000,386.80724167881164,390.18528477102194,88,9
Regression Tree,4,base_plus_poly_interactions,9,1000,2000,424.9736076673654,426.61527355622854,70,9
Regression Tree,4,base_plus_poly_interactions,9,2000,4000,451.381787224114,454.666831740292,35,8
Regression Tree,4,base_plus_poly_interactions,12,25,50,291.9430299297003,310.114897525419,666,12
Regression Tree,4,base_plus_poly_interactions,12,50,100,304.20717166574065,318.47357941257604,478,12
Regression Tree,4,base_plus_poly_interactions,12,100,200,315.7474557065717,326.1790162967791,316,12
Regression Tree,4,base_plus_poly_interactions,12,250,500,345.0101714323721,350.0093479449614,190,12
Regression Tree,4,base_plus_poly_interactions,12,500,1000,374.84696583064397,380.23413123175067,124,12
Regression Tree,4,base_plus_poly_interactions,12,1000,2000,424.89142800799885,426.5666951422528,71,10
Regression Tree,4,base_plus_poly_interactions,12,2000,4000,451.381787224114,454.666831740292,35,8
Regression Tree,4,base_plus_poly_interactions,15,25,50,253.63445072771864,280.1542058531803,1136,15
Regression Tree,4,base_plus_poly_interactions,15,50,100,273.2870665803459,291.27294009831553,730,15
Regression Tree,4,base_plus_poly_interactions,15,100,200,292.4746661664682,305.22539289065855,431,15
Regression Tree,4,base_plus_poly_interactions,15,250,500,334.06205667443754,339.21520810406315,242,15
Regression Tree,4,base_plus_poly_interactions,15,500,1000,372.6074457742589,378.4131434103045,135,15
Regression Tree,4,base_plus_poly_interactions,15,1000,2000,424.89142800799885,426.5666951422528,71,10
Regression Tree,4,base_plus_poly_interactions,15,2000,4000,451.381787224114,454.666831740292,35,8
Regression Tree,4,base_plus_poly_interactions,None,25,50,192.04663291261568,247.04953596581655,2819,37
Regression Tree,4,base_plus_poly_interactions,None,50,100,232.6855664073733,264.0417192217716,1406,32
Regression Tree,4,base_plus_poly_interactions,None,100,200,267.13613840020923,287.62185889912325,704,27
Regression Tree,4,base_plus_poly_interactions,None,250,500,328.959033257208,334.783107592099,285,22
Regression Tree,4,base_plus_poly_interactions,None,500,1000,371.8245366461402,377.9517165847236,140,18
Regression Tree,4,base_plus_poly_interactions,None,1000,2000,424.89142800799885,426.5666951422528,71,10
Regression Tree,4,base_plus_poly_interactions,None,2000,4000,451.381787224114,454.666831740292,35,8
Regression Tree,5,base,3,25,50,522.025825688791,515.9796386515732,8,3
Regression Tree,5,base,3,50,100,522.025825688791,515.9796386515732,8,3
Regression Tree,5,base,3,100,200,522.025825688791,515.9796386515732,8,3
Regression Tree,5,base,3,250,500,522.025825688791,515.9796386515732,8,3
Regression Tree,5,base,3,500,1000,522.025825688791,515.9796386515732,8,3
Regression Tree,5,base,3,1000,2000,522.3296422846355,518.0721845686205,8,3
Regression Tree,5,base,3,2000,4000,522.3296422846355,518.0721845686205,8,3
Regression Tree,5,base,5,25,50,446.8135527717117,448.7165981368327,32,5
Regression Tree,5,base,5,50,100,446.9113933333757,448.9326396856701,31,5
Regression Tree,5,base,5,100,200,446.9326713812041,449.2932731232857,32,5
Regression Tree,5,base,5,250,500,447.62872066177744,449.63905810492827,30,5
Regression Tree,5,base,5,500,1000,450.1805236066869,451.5714558845682,26,5
Regression Tree,5,base,5,1000,2000,462.7407426023563,459.8502011997821,28,5
Regression Tree,5,base,5,2000,4000,471.02700098232685,470.5333106987853,22,5
Regression Tree,5,base,7,25,50,393.92870333096715,401.83237015376636,114,7
Regression Tree,5,base,7,50,100,395.8217522081575,402.4411535025171,113,7
Regression Tree,5,base,7,100,200,397.652241288174,402.6628436495169,95,7
Regression Tree,5,base,7,250,500,402.40521858886643,406.7668604549253,69,7
Regression Tree,5,base,7,500,1000,414.82770560901116,418.69325739069166,55,7
Regression Tree,5,base,7,1000,2000,435.9372053440594,433.41370903442726,54,7
Regression Tree,5,base,7,2000,4000,453.27945980356844,453.15757731549974,33,7
Regression Tree,5,base,9,25,50,349.77520715721,363.2733956668946,307,9
Regression Tree,5,base,9,50,100,355.4366157407229,366.8834356174185,260,9
Regression Tree,5,base,9,100,200,360.3494437701569,368.8589967712943,192,9
Regression Tree,5,base,9,250,500,373.3719095229695,379.01975547568543,110,9
Regression Tree,5,base,9,500,1000,391.30914858192716,396.1327420976859,90,9
Regression Tree,5,base,9,1000,2000,429.66518667528777,427.634483242796,68,9
Regression Tree,5,base,9,2000,4000,451.8292822504647,451.5782950051034,35,8
Regression Tree,5,base,12,25,50,296.3291784012592,318.0769709737315,719,12
Regression Tree,5,base,12,50,100,308.362311860302,325.3805973555585,532,12
Regression Tree,5,base,12,100,200,321.3804287814165,332.66687524011707,332,12
Regression Tree,5,base,12,250,500,342.790441578246,348.652284564343,190,12
Regression Tree,5,base,12,500,1000,378.9380271971065,384.63664401840435,125,12
Regression Tree,5,base,12,1000,2000,429.43802529219874,427.49045689868296,70,10
Regression Tree,5,base,12,2000,4000,451.8292822504647,451.5782950051034,35,8
Regression Tree,5,base,15,25,50,257.62510910688974,287.7271740435938,1194,15
Regression Tree,5,base,15,50,100,277.8953366470985,300.9748376697725,788,15
Regression Tree,5,base,15,100,200,296.5820655714049,311.7228764157727,483,15
Regression Tree,5,base,15,250,500,331.4135796283086,340.1424926400533,241,15
Regression Tree,5,base,15,500,1000,376.88254946542685,382.64323617524695,134,15
Regression Tree,5,base,15,1000,2000,429.43802529219874,427.49045689868296,70,10
Regression Tree,5,base,15,2000,4000,451.8292822504647,451.5782950051034,35,8
Regression Tree,5,base,None,25,50,197.13559385492508,253.26090704703316,2817,41
Regression Tree,5,base,None,50,100,238.6697534828029,275.4560179725974,1421,37
Regression Tree,5,base,None,100,200,275.61099763188264,297.6581264341546,709,28
Regression Tree,5,base,None,250,500,326.90753956710967,336.35099428869444,278,21
Regression Tree,5,base,None,500,1000,375.8729771932371,381.60614344404763,140,18
Regression Tree,5,base,None,1000,2000,429.43802529219874,427.49045689868296,70,10
Regression Tree,5,base,None,2000,4000,451.8292822504647,451.5782950051034,35,8
Regression Tree,5,base_plus_poly,3,25,50,522.025825688791,515.9796386515732,8,3
Regression Tree,5,base_plus_poly,3,50,100,522.025825688791,515.9796386515732,8,3
Regression Tree,5,base_plus_poly,3,100,200,522.025825688791,515.9796386515732,8,3
Regression Tree,5,base_plus_poly,3,250,500,522.025825688791,515.9796386515732,8,3
Regression Tree,5,base_plus_poly,3,500,1000,522.025825688791,515.9796386515732,8,3
Regression Tree,5,base_plus_poly,3,1000,2000,522.3296422846355,518.0721845686205,8,3
Regression Tree,5,base_plus_poly,3,2000,4000,522.3296422846355,518.0721845686205,8,3
Regression Tree,5,base_plus_poly,5,25,50,446.8135527717117,448.7165981368327,32,5
Regression Tree,5,base_plus_poly,5,50,100,446.9113933333757,448.9326396856701,31,5
Regression Tree,5,base_plus_poly,5,100,200,446.9326713812041,449.2932731232857,32,5
Regression Tree,5,base_plus_poly,5,250,500,447.62872066177744,449.63905810492827,30,5
Regression Tree,5,base_plus_poly,5,500,1000,450.1805236066869,451.5714558845682,26,5
Regression Tree,5,base_plus_poly,5,1000,2000,462.7407426023563,459.8502011997821,28,5
Regression Tree,5,base_plus_poly,5,2000,4000,471.02700098232685,470.5333106987853,22,5
Regression Tree,5,base_plus_poly,7,25,50,393.92870333096715,401.83237015376636,114,7
Regression Tree,5,base_plus_poly,7,50,100,395.8217522081575,402.4411535025171,113,7
Regression Tree,5,base_plus_poly,7,100,200,397.652241288174,402.6628436495169,95,7
Regression Tree,5,base_plus_poly,7,250,500,402.40521858886643,406.7668604549253,69,7
Regression Tree,5,base_plus_poly,7,500,1000,414.82770560901116,418.69325739069166,55,7
Regression Tree,5,base_plus_poly,7,1000,2000,435.9372053440594,433.41370903442726,54,7
Regression Tree,5,base_plus_poly,7,2000,4000,453.27945980356844,453.15757731549974,33,7
Regression Tree,5,base_plus_poly,9,25,50,349.77520715721,363.2733956668946,307,9
Regression Tree,5,base_plus_poly,9,50,100,355.4366157407229,366.8834356174185,260,9
Regression Tree,5,base_plus_poly,9,100,200,360.3494437701569,368.8589967712943,192,9
Regression Tree,5,base_plus_poly,9,250,500,373.3719095229695,379.01975547568543,110,9
Regression Tree,5,base_plus_poly,9,500,1000,391.30914858192716,396.1327420976859,90,9
Regression Tree,5,base_plus_poly,9,1000,2000,429.66518667528777,427.634483242796,68,9
Regression Tree,5,base_plus_poly,9,2000,4000,451.8292822504647,451.5782950051034,35,8
Regression Tree,5,base_plus_poly,12,25,50,296.3291784012592,318.0769695936478,719,12
Regression Tree,5,base_plus_poly,12,50,100,308.362311860302,325.3805973555585,532,12
Regression Tree,5,base_plus_poly,12,100,200,321.3804287814165,332.66687524011707,332,12
Regression Tree,5,base_plus_poly,12,250,500,342.790441578246,348.652284564343,190,12
Regression Tree,5,base_plus_poly,12,500,1000,378.9380271971065,384.63664401840435,125,12
Regression Tree,5,base_plus_poly,12,1000,2000,429.43802529219874,427.49045689868296,70,10
Regression Tree,5,base_plus_poly,12,2000,4000,451.8292822504647,451.5782950051034,35,8
Regression Tree,5,base_plus_poly,15,25,50,257.62510910688974,287.72025923056697,1194,15
Regression Tree,5,base_plus_poly,15,50,100,277.8953366470985,300.97483822180595,788,15
Regression Tree,5,base_plus_poly,15,100,200,296.5820655714049,311.7228764157727,483,15
Regression Tree,5,base_plus_poly,15,250,500,331.4135796283086,340.1424926400533,241,15
Regression Tree,5,base_plus_poly,15,500,1000,376.88254946542685,382.64323617524695,134,15
Regression Tree,5,base_plus_poly,15,1000,2000,429.43802529219874,427.49045689868296,70,10
Regression Tree,5,base_plus_poly,15,2000,4000,451.8292822504647,451.5782950051034,35,8
Regression Tree,5,base_plus_poly,None,25,50,197.13559385492508,253.26172271944503,2817,41
Regression Tree,5,base_plus_poly,None,50,100,238.6697534828029,275.4362781299094,1421,37
Regression Tree,5,base_plus_poly,None,100,200,275.61099763188264,297.6581264341546,709,28
Regression Tree,5,base_plus_poly,None,250,500,326.90753956710967,336.35099428869444,278,21
Regression Tree,5,base_plus_poly,None,500,1000,375.8729771932371,381.60614344404763,140,18
Regression Tree,5,base_plus_poly,None,1000,2000,429.43802529219874,427.49045689868296,70,10
Regression Tree,5,base_plus_poly,None,2000,4000,451.8292822504647,451.5782950051034,35,8
Regression Tree,5,base_plus_interactions,3,25,50,521.8311518394237,516.910238682248,8,3
Regression Tree,5,base_plus_interactions,3,50,100,521.8311518394237,516.910238682248,8,3
Regression Tree,5,base_plus_interactions,3,100,200,521.8311518394237,516.910238682248,8,3
Regression Tree,5,base_plus_interactions,3,250,500,521.8311518394237,516.910238682248,8,3
Regression Tree,5,base_plus_interactions,3,500,1000,521.8311518394237,516.910238682248,8,3
Regression Tree,5,base_plus_interactions,3,1000,2000,522.0686095364242,519.0700188730309,8,3
Regression Tree,5,base_plus_interactions,3,2000,4000,522.0686095364242,519.0700188730309,8,3
Regression Tree,5,base_plus_interactions,5,25,50,445.7363984906891,448.97446717538736,32,5
Regression Tree,5,base_plus_interactions,5,50,100,445.9564166661226,447.7158967517552,32,5
Regression Tree,5,base_plus_interactions,5,100,200,446.1858464581122,448.1226608770546,32,5
Regression Tree,5,base_plus_interactions,5,250,500,446.71977600403824,448.8763501032067,30,5
Regression Tree,5,base_plus_interactions,5,500,1000,451.1703532719476,451.3321548166326,26,5
Regression Tree,5,base_plus_interactions,5,1000,2000,463.2556936964959,461.5605947687565,27,5
Regression Tree,5,base_plus_interactions,5,2000,4000,470.98425633731864,470.44514177571784,23,5
Regression Tree,5,base_plus_interactions,7,25,50,396.34192616327516,404.5780626952649,111,7
Regression Tree,5,base_plus_interactions,7,50,100,397.26530221398696,404.66528265966986,111,7
Regression Tree,5,base_plus_interactions,7,100,200,399.34172640869366,404.87688401023087,97,7
Regression Tree,5,base_plus_interactions,7,250,500,403.0991374571573,407.26983356020816,72,7
Regression Tree,5,base_plus_interactions,7,500,1000,415.27682632389354,417.5797567090756,57,7
Regression Tree,5,base_plus_interactions,7,1000,2000,435.6091538736111,433.3105731211505,57,7
Regression Tree,5,base_plus_interactions,7,2000,4000,453.81099921413346,454.0251821939598,34,7
Regression Tree,5,base_plus_interactions,9,25,50,351.72646980478623,364.69514221878757,293,9
Regression Tree,5,base_plus_interactions,9,50,100,356.387781628436,367.09732244377506,244,9
Regression Tree,5,base_plus_interactions,9,100,200,361.58702601574873,369.219994416781,191,9
Regression Tree,5,base_plus_interactions,9,250,500,373.2224481393996,377.9287906498726,113,9
Regression Tree,5,base_plus_interactions,9,500,1000,392.1134309596988,394.9670861480928,88,9
Regression Tree,5,base_plus_interactions,9,1000,2000,429.75154005651905,427.6593617990476,70,9
Regression Tree,5,base_plus_interactions,9,2000,4000,452.36082166102966,452.4458998835635,36,8
Regression Tree,5,base_plus_interactions,12,25,50,297.23948364368874,317.58584717795173,707,12
Regression Tree,5,base_plus_interactions,12,50,100,308.9329863621697,326.8599520501124,505,12
Regression Tree,5,base_plus_interactions,12,100,200,321.4731406347669,332.30232132281776,329,12
Regression Tree,5,base_plus_interactions,12,250,500,341.3498835437648,347.1867095188664,190,12
Regression Tree,5,base_plus_interactions,12,500,1000,379.8514963350119,383.5883329514632,124,12
Regression Tree,5,base_plus_interactions,12,1000,2000,429.38366033057315,427.3158505350775,73,10
Regression Tree,5,base_plus_interactions,12,2000,4000,452.36082166102966,452.4458998835635,36,8
Regression Tree,5,base_plus_interactions,15,25,50,257.15894975644744,284.40821506328166,1176,15
Regression Tree,5,base_plus_interactions,15,50,100,276.2619631031464,299.62641951446085,779,15
Regression Tree,5,base_plus_interactions,15,100,200,295.4628111011291,310.0350206825026,481,15
Regression Tree,5,base_plus_interactions,15,250,500,329.37903971828047,336.45827053772496,240,15
Regression Tree,5,base_plus_interactions,15,500,1000,378.0129916199352,381.7744740675763,131,15
Regression Tree,5,base_plus_interactions,15,1000,2000,429.38366033057315,427.3158505350775,73,10
Regression Tree,5,base_plus_interactions,15,2000,4000,452.36082166102966,452.4458998835635,36,8
Regression Tree,5,base_plus_interactions,None,25,50,196.05904849737104,251.81083045467685,2824,41
Regression Tree,5,base_plus_interactions,None,50,100,237.5351169694424,274.4445200213172,1410,39
Regression Tree,5,base_plus_interactions,None,100,200,273.7997166986219,294.5269478908102,700,28
Regression Tree,5,base_plus_interactions,None,250,500,324.3698657467871,332.13038617813925,279,22
Regression Tree,5,base_plus_interactions,None,500,1000,376.9080559806621,380.8072843626964,137,18
Regression Tree,5,base_plus_interactions,None,1000,2000,429.38366033057315,427.3158505350775,73,10
Regression Tree,5,base_plus_interactions,None,2000,4000,452.36082166102966,452.4458998835635,36,8
Regression Tree,5,base_plus_poly_interactions,3,25,50,521.8311518394237,516.910238682248,8,3
Regression Tree,5,base_plus_poly_interactions,3,50,100,521.8311518394237,516.910238682248,8,3
Regression Tree,5,base_plus_poly_interactions,3,100,200,521.8311518394237,516.910238682248,8,3
Regression Tree,5,base_plus_poly_interactions,3,250,500,521.8311518394237,516.910238682248,8,3
Regression Tree,5,base_plus_poly_interactions,3,500,1000,521.8311518394237,516.910238682248,8,3
Regression Tree,5,base_plus_poly_interactions,3,1000,2000,522.0686095364242,519.0700188730309,8,3
Regression Tree,5,base_plus_poly_interactions,3,2000,4000,522.0686095364242,519.0700188730309,8,3
Regression Tree,5,base_plus_poly_interactions,5,25,50,445.7363984906891,448.97446717538736,32,5
Regression Tree,5,base_plus_poly_interactions,5,50,100,445.9564166661226,447.7158967517552,32,5
Regression Tree,5,base_plus_poly_interactions,5,100,200,446.1858464581122,448.1226608770546,32,5
Regression Tree,5,base_plus_poly_interactions,5,250,500,446.71977600403824,448.8763501032067,30,5
Regression Tree,5,base_plus_poly_interactions,5,500,1000,451.1703532719476,451.3321548166326,26,5
Regression Tree,5,base_plus_poly_interactions,5,1000,2000,463.2556936964959,461.5605947687565,27,5
Regression Tree,5,base_plus_poly_interactions,5,2000,4000,470.98425633731864,470.44514177571784,23,5
Regression Tree,5,base_plus_poly_interactions,7,25,50,396.34192616327516,404.5780626952649,111,7
Regression Tree,5,base_plus_poly_interactions,7,50,100,397.26530221398696,404.66528265966986,111,7
Regression Tree,5,base_plus_poly_interactions,7,100,200,399.34172640869366,404.87688401023087,97,7
Regression Tree,5,base_plus_poly_interactions,7,250,500,403.0991374571573,407.26983356020816,72,7
Regression Tree,5,base_plus_poly_interactions,7,500,1000,415.27682632389354,417.5797567090756,57,7
Regression Tree,5,base_plus_poly_interactions,7,1000,2000,435.6091538736111,433.3105731211505,57,7
Regression Tree,5,base_plus_poly_interactions,7,2000,4000,453.81099921413346,454.0251821939598,34,7
Regression Tree,5,base_plus_poly_interactions,9,25,50,351.72646980478623,364.69514221878757,293,9
Regression Tree,5,base_plus_poly_interactions,9,50,100,356.38778162843596,367.0973223057667,244,9
Regression Tree,5,base_plus_poly_interactions,9,100,200,361.58702601574873,369.219994416781,191,9
Regression Tree,5,base_plus_poly_interactions,9,250,500,373.2224481393996,377.9287906498726,113,9
Regression Tree,5,base_plus_poly_interactions,9,500,1000,392.1134309596988,394.9670861480928,88,9
Regression Tree,5,base_plus_poly_interactions,9,1000,2000,429.75154005651905,427.6593617990476,70,9
Regression Tree,5,base_plus_poly_interactions,9,2000,4000,452.36082166102966,452.4458998835635,36,8
Regression Tree,5,base_plus_poly_interactions,12,25,50,297.23948364368874,317.5858446938012,707,12
Regression Tree,5,base_plus_poly_interactions,12,50,100,308.9329863621697,326.8599520501124,505,12
Regression Tree,5,base_plus_poly_interactions,12,100,200,321.4731406347669,332.30232132281776,329,12
Regression Tree,5,base_plus_poly_interactions,12,250,500,341.3498835437648,347.1867095188664,190,12
Regression Tree,5,base_plus_poly_interactions,12,500,1000,379.8514963350119,383.5883329514632,124,12
Regression Tree,5,base_plus_poly_interactions,12,1000,2000,429.38366033057315,427.3158505350775,73,10
Regression Tree,5,base_plus_poly_interactions,12,2000,4000,452.36082166102966,452.4458998835635,36,8
Regression Tree,5,base_plus_poly_interactions,15,25,50,257.15894975644744,284.489923567549,1176,15
Regression Tree,5,base_plus_poly_interactions,15,50,100,276.2619631031464,299.6670164656527,779,15
Regression Tree,5,base_plus_poly_interactions,15,100,200,295.4628111011291,310.0350206825026,481,15
Regression Tree,5,base_plus_poly_interactions,15,250,500,329.37903971828047,336.45827053772496,240,15
Regression Tree,5,base_plus_poly_interactions,15,500,1000,378.0129916199352,381.7744740675763,131,15
Regression Tree,5,base_plus_poly_interactions,15,1000,2000,429.38366033057315,427.3158505350775,73,10
Regression Tree,5,base_plus_poly_interactions,15,2000,4000,452.36082166102966,452.4458998835635,36,8
Regression Tree,5,base_plus_poly_interactions,None,25,50,196.04590134626397,251.78318468095856,2825,41
Regression Tree,5,base_plus_poly_interactions,None,50,100,237.5351169694424,274.44451972804944,1410,39
Regression Tree,5,base_plus_poly_interactions,None,100,200,273.7997166986219,294.5269478908102,700,28
Regression Tree,5,base_plus_poly_interactions,None,250,500,324.3698657467871,332.13038617813925,279,22
Regression Tree,5,base_plus_poly_interactions,None,500,1000,376.9080559806621,380.8072843626964,137,18
Regression Tree,5,base_plus_poly_interactions,None,1000,2000,429.38366033057315,427.3158505350775,73,10
Regression Tree,5,base_plus_poly_interactions,None,2000,4000,452.36082166102966,452.4458998835635,36,8
