lambda,oof_mse_clipped,gain_vs_base_oof,min_fold_gain,mean_fold_gain,max_fold_gain,fold_mse_std,test_mean,test_std,test_min,test_max
1.135,87.1360487514482,1.8303194758923382,1.552018866620017,1.8303213962663876,2.11497578098556,1.9194528421105597,54.097841662471694,24.67603280410558,0.18864039823538065,100.0
1.14,87.13607114522439,1.8302970821161466,1.5507949353672785,1.830299010781232,2.115072662998699,1.9194802854356974,54.097990570316234,24.67831420258179,0.18901610043025016,100.0
1.13,87.13609726020847,1.8302709671320656,1.5531720356450336,1.8302728792141125,2.114798136612393,1.9194179697025184,54.09769261529492,24.673751941216384,0.18826469604051113,100.0
1.145,87.13616442965741,1.8302037976831258,1.5495002418867898,1.8302057346383775,2.115088782661914,1.919500317573704,54.09813947816079,24.68059639561511,0.18939180262511968,100.0
1.125,87.1362166757397,1.830151551600835,1.5542544424423,1.8301534553898762,2.1145397287433667,1.9193756588526982,54.09754341270556,24.67147158423464,0.18788899384564162,100.0
1.15,87.13632861706901,1.8300396102715268,1.5481347861785508,1.8300415555159446,2.1150241427353365,1.9195129294855104,54.09828838600533,24.682879382985142,0.18976750481998922,100.0
1.12,87.13640699821367,1.8299612291268659,1.5552660870118302,1.8299631246219064,2.114200556606491,1.919325904838482,54.09739420288156,24.6691920090315,0.1875132916507721,100.0
1.155,87.13656370571267,1.8298045216278638,1.54669856824259,1.8298064751605096,2.1148787492962384,1.9195181279844715,54.09843729384988,24.685163164471497,0.19014320701485873,100.0
1.115,87.13666822781262,1.829699999527918,1.5562069693501144,1.8297018867279575,2.113780620141412,1.9192687029766073,54.09724499305755,24.66691322928662,0.1871375894559026,100.0
1.16,87.136869695352,1.8294985319885342,1.5451915880805416,1.8295004938084474,2.1146526028482953,1.9195159179147,54.09858617937766,24.687447698359705,0.19051890920972825,100.0
1.11,87.13700037234945,1.8293678549910908,1.557077089452605,1.8293697338950665,2.113279896970468,1.9192040384907716,54.097095778329,24.66463523609274,0.18676188726103307,100.0
1.165,87.1372465858593,1.8291216414812368,1.5436138457003068,1.8291236115874567,2.114345703407878,1.9195063040837987,54.09873505693162,24.689733011105382,0.19089461140459776,100.0
1.105,87.13740344483416,1.8289647825063753,1.5578764473192592,1.8289666531131303,2.1126983286217467,1.9191318882874806,54.09694655877596,24.662358029816897,0.18638618506616356,100.0
1.17,87.13769429628792,1.82867393105262,1.5419657453458058,1.8286759094419665,2.113958051258308,1.9194892052619676,54.09888389142694,24.69201903726971,0.19127031359946728,100.0
1.1,87.13787744977678,1.8284907775637578,1.5586050429501626,1.8284926398721553,2.112035893117593,1.9190522415466655,54.096797337186445,24.66008161586671,0.18601048287129401,100.0
1.175,87.1382127235555,1.828155503785041,1.5402478021691763,1.82815749045146,2.113489646598836,1.9194645163496542,54.099032660794926,24.694305735617935,0.19164601579433682,100.0
1.095,87.13842238739369,1.8279458399468496,1.5592628763452296,1.8279476939556987,2.1112925895199623,1.9189650936587896,54.09664809967826,24.657805968618458,0.1856347806764245,100.0
1.18,87.13880186626686,1.8275663610736785,1.538459097789712,1.827568356017514,2.1129404915945003,1.9194322032317936,54.09918133879059,24.696593057173512,0.1920217179892063,100.0
1.09,87.13903786298242,1.8273303643581187,1.559849947504489,1.8273322100689626,2.110468417828784,1.9188708824319827,54.09649859265428,24.655530616201517,0.18525907848155498,100.0
1.185,87.1394618811865,1.8269063461540327,1.5365996322126279,1.8269083493745228,2.112310609527313,1.9193924834385192,54.09933000879007,24.698881156700974,0.19239742018407585,100.0
1.085,87.1397235698473,1.8266446574932331,1.5603662564279546,1.8266464949097354,2.1095633780440863,1.9187699474108717,54.096349085630294,24.653256060576116,0.18488337628668547,100.0
1.19,87.140192784416,1.8261754429245372,1.5346694056276249,1.8261774544207783,2.1116000067175094,1.919345385946842,54.09947865280752,24.701170000561778,0.19277312237894534,100.0
1.08,87.14048021416805,1.825888013172488,1.5608118031155414,1.8258898422934464,2.1085774701658693,1.9186614944263363,54.0961995786063,24.65098230196281,0.18450767409181595,100.0
1.195,87.14099454831428,1.8253736790262565,1.532668418934506,1.825375698797572,2.110808683165118,1.919290946313056,54.09962711430093,24.703459297661094,0.19314882457381488,100.0
1.075,87.14130779625411,1.8250604310864276,1.5611865875631992,1.8250622519106146,2.107510694194133,1.9185455191446381,54.09605007158232,24.648709340582165,0.1841319718969464,100.0
1.2,87.14186706537879,1.8245011619617486,1.5305966722887376,1.8245031900081699,2.109936638898702,1.9192292900030314,54.099775557653665,24.705749353246336,0.19352452676868437,100.0
1.07,87.14220631630013,1.824161911040406,1.5614906097683274,1.8241637235666246,2.1063630501284223,1.9184220173619213,54.095900564558335,24.646437176654754,0.18375626970207692,100.0
1.205,87.14281046706381,1.823557760276728,1.528454165744833,1.8235597965973995,2.10898387442073,1.9191602715105842,54.09992393611325,24.708040080251678,0.1939002289635539,100.0
1.065,87.1431754145509,1.8231928127896424,1.561723869721689,1.823194617019152,2.1051345379625985,1.9182908939972338,54.095751057534336,24.644165810401145,0.18338056750720738,100.0
1.21,87.14382461529433,1.8225436120462035,1.526240899948661,1.822545656641239,2.107950390214029,1.919083746920029,54.100072218638296,24.710331420802206,0.19427593115842343,100.0
1.06,87.14421451479606,1.822153712544477,1.5618863671788574,1.8221555084825467,2.103825157384094,1.9181519993977971,54.095601476630634,24.641895104419703,0.1830048653123379,100.0
1.215,87.14490956615504,1.8214586611855026,1.5239568999730153,1.8214607140543904,2.1068361865647773,1.9189997680722484,54.10022044465781,24.712623447951962,0.19465163335329294,100.0
1.055,87.14532455466538,1.8210436726751595,1.5619781020310626,1.8210454603205277,2.1024349066444756,1.918005565784695,54.09545182407174,24.639625063065843,0.18262916311746835,100.0
1.22,87.14606499112591,1.8203032362146274,1.5216041902959603,1.8203052973452116,2.1056412640244275,1.9189080029924823,54.100368524946866,24.714915995753618,0.19502733554816246,100.0
1.05,87.14650553458941,1.8198626927511299,1.5619990742782903,1.819864472102617,2.1009637854640744,1.9178515886696368,54.09530217077889,24.63735581866818,0.18225346092259886,100.0
1.225,87.14729109780083,1.819077129539707,1.5191807232845491,1.8190791989325106,2.10436562266905,1.9188091214569323,54.100516593445796,24.717209312769224,0.19540303774303197,100.0
1.045,87.14775700724142,1.8186112200991147,1.5619492839204838,1.8186129911585538,2.0994117938428474,1.9176905592548008,54.09515249491618,24.63508733075852,0.18187775872772932,100.0
1.23,87.14858799402711,1.817780233313428,1.5166864989388102,1.8177823109682236,2.1030092797196573,1.9187030089377672,54.10066464817797,24.71950339511427,0.1957787399379015,100.0
1.04,87.14907823542663,1.8172899919139098,1.5618287302596912,1.8172917546882643,2.097778931780823,1.917523302317477,54.0950027418535,24.632819497749754,0.1815020565328598,100.0
1.235,87.14995576713734,1.8164124602031961,1.5141215172587295,1.8164145461191565,2.101572249587363,1.9185895737344731,54.10081266507739,24.721798197893328,0.19615444213277103,100.0
1.035,87.15046828124798,1.8158999460925571,1.5616481351696763,1.8159017005212603,2.0960651992780157,1.9173462255369538,54.09485298202124,24.630552451090743,0.1811263543379903,100.0
1.24,87.15139441658066,1.8149738107598807,1.511485778244321,1.8149759049361875,2.100054534139062,1.9184688215590289,54.100960629612764,24.724093693921322,0.19653014432764054,100.0
1.03,87.15192871712921,1.8144395102113293,1.5613996367694654,1.8144412562772403,2.0942705963343684,1.9171609708638109,54.09470321900938,24.628286197690063,0.18075065214312078,100.0
1.245,87.15290394210864,1.8134642852319018,1.5087792818955563,1.8134663876677393,2.098456134389096,1.918340758019717,54.10110859414813,24.72638998020572,0.19690584652251006,100.0
1.025,87.15345996412019,1.8129082632203506,1.5610808776683172,1.8129100009196606,2.092395122949924,1.9169680147483958,54.09455345599752,24.626020743693754,0.18037494994825126,100.0
1.25,87.1544843436648,1.8118838836757334,1.5060020282124214,1.8118859943702745,2.096777050337465,1.9182053884791361,54.10125652830407,24.728687000138397,0.19728154871737957,100.0
1.02,87.15506215564348,1.8113060716970608,1.5606913140757115,1.811307801028812,2.090438778997637,1.9167674730948483,54.09440369298566,24.62375608932247,0.17999924775338172,100.0
1.255,87.156135619654,1.8102326076865438,1.5031540171950013,1.8102347266389955,2.0950172894210795,1.9180627204341003,54.10140428637325,24.730984483070422,0.1976572509122491,100.0
1.015,87.15673531908037,1.8096329082601699,1.5602309388656153,1.809634629223234,2.088401564291118,1.916559350003463,54.09425391751426,24.62149221156672,0.1796235455585122,100.0
1.26,87.1578577637304,1.8085104636101335,1.5002352488431967,1.8085125908197228,2.093176882581389,1.9179127684058326,54.10155191646642,24.733282518106293,0.1980329531071186,100.0
1.01,87.15847945443883,1.8078887729017055,1.5596997520379574,1.807890485494994,2.0862834788016897,1.9163436416388688,54.09410413098601,24.619229113256814,0.1792478433636427,100.0
1.265,87.15965070096,1.8067175263805382,1.4972460937126328,1.8067196618444654,2.0912558332160103,1.9177554587995744,54.10169939291248,24.73558105742613,0.19840865530198812,100.0
1.005,87.16029456383366,1.8060736635068793,1.5590977529678156,1.8060753677292525,2.0840845224698654,1.9161203421772035,54.093954335578374,24.616966798668294,0.17887214116877317,100.0
1.27,87.16151416850502,1.8048540588355166,1.4941878640269408,1.8048562025437207,2.08925414288494,1.9175905135627105,54.10184672442931,24.73788011698314,0.19878435749685763,100.0
1.0,87.16218065015434,1.8041875771861982,1.5584249369586445,1.8041892730365874,2.081804695293627,1.915889447018027,54.0938044836234,24.614705179122,0.17849643897390366,100.0
1.275,87.16344762757127,1.8029205997692657,1.491058892131747,1.8029227517269333,2.087171814291594,1.9174180746105731,54.10199404972872,24.74017995395606,0.19916005969172718,100.0
0.995,87.16413771441897,1.802230512921568,1.5576812991589009,1.8022322003988933,2.0794439972276564,1.915650953434855,54.09365463166842,24.612444360281923,0.17812073677903414,100.0
1.28,87.16544750566203,1.8009207216785086,1.487859178042953,1.8009228819154857,2.085008847484019,1.9172372273445961,54.102141375028125,24.742480579661624,0.1995357618865967,100.0
0.99,87.16616575781286,1.800202469527676,1.556866836268597,1.8002041486308458,2.077002425660922,1.9154048576470806,54.09350477971345,24.610184342368733,0.17774503458416463,100.0
1.285,87.16751377055418,1.7988544567863585,1.4845887217688016,1.7988566253327036,2.082787614108568,1.9170557186434396,54.10228870032753,24.744781993879837,0.1999114640814662,100.0
0.985,87.16826478079409,1.798103446546449,1.5559815481625776,1.798105117274409,2.074479979076287,1.915151155685083,54.09335492775848,24.607925125603103,0.1773693323892951,100.0
1.29,87.16965049802549,1.7967177293150485,1.4812475233605937,1.7967199061726375,2.080487730400847,1.916867543442679,54.10243602422244,24.74708419378584,0.20028716627633572,100.0
0.98,87.17043478404982,1.7959334432907212,1.5550254342432055,1.795935105642411,2.0718766553650454,1.9148898434892665,54.09320507580351,24.605666710205707,0.1769936301944256,100.0
1.295,87.17185806942638,1.7945101579141607,1.4778355828323555,1.7945123430823458,2.0781072713288893,1.9166721431746139,54.10258334358461,24.749387173359054,0.20066286847120524,100.0
0.975,87.17267576931795,1.7936924580225906,1.55399849433104,1.7936941119969305,2.0691924470958867,1.9146209150783573,54.09305522384854,24.603409096397225,0.17661792799955606,100.0
1.3,87.17413647713946,1.7922317502010827,1.4743529001841154,1.7922339436792014,2.0756462716124133,1.9164695346242577,54.102730662946776,24.75169094078702,0.20103857066607478,100.0
0.97,87.17498773748835,1.7913804898521875,1.5529007284260814,1.7913821354480859,2.0664273527675334,1.9143443660950468,54.09290537189356,24.601152284398346,0.17624222580468654,100.0
1.305,87.17648571832899,1.789882509011548,1.4707994756332,1.7898847107989553,2.073104745189653,1.9162597276839635,54.10287798230895,24.753995495849782,0.20141427286094427,100.0
0.965,87.17737067724082,1.7889975500997224,1.551732194121783,1.7889991873157982,2.063581372344572,1.9140601812408566,54.092755519938585,24.598896274429745,0.17586652360981703,100.0
1.31,87.17890579193929,1.7874624354012525,1.4671753124547706,1.7874646454973118,2.0704826933751406,1.9160427279198513,54.10302529809204,24.75630083169193,0.2017899750558138,100.0
0.96,87.17982458566169,1.786543641678847,1.550492906955128,1.7865452705136051,2.060654505827003,1.9137683537272583,54.092605667983605,24.596641066712113,0.1754908214149475,100.0
1.315,87.18139669555643,1.7849715317841088,1.4634804117496714,1.7849737501882033,2.0677801187323013,1.9158185433661834,54.10317249255809,24.758606729819906,0.2021656772506833,100.0
0.955,87.1823494776124,1.7840187497281335,1.549182793311786,1.7840203701804995,2.057646753214783,1.9134688952207086,54.09245581409899,24.5943866578643,0.175115119220078,100.0
1.32,87.18395842581239,1.7824098015281464,1.4597147735669154,1.7824120282396279,2.064997022680245,1.9155871805532398,54.10331968702411,24.760913414936994,0.20254137944555284,100.0
0.95,87.18494535313592,1.7814228742046225,1.5478018531917712,1.7814244862734796,2.054558114507941,1.9131618022220536,54.092305931250365,24.592132997639744,0.17473941702520845,100.0
1.325,87.18659097950393,1.7797772478366056,1.455878398852093,1.7797794828548548,2.0621334066070887,1.9153486449791441,54.10346688149014,24.76322088682328,0.20291708164042233,100.0
0.945,87.18761221227851,1.7787560150620294,1.5463500865950834,1.7787576187463146,2.051388589706505,1.9128470712588321,54.0921558529293,24.589879775414097,0.17436371483033897,100.0
1.33,87.18929435560645,1.777073871734089,1.4519712889506167,1.7770761150585457,2.0591892705223387,1.9151029422011574,54.10361406923821,24.76552913280882,0.20329278383529187,100.0
0.94,87.19035005509659,1.7760181722439512,1.5448274935217228,1.7760197675425786,2.0481381788103903,1.9125246989962055,54.09200577460824,24.587627356293478,0.17398801263546942,100.0
1.335,87.1920685523254,1.7742996750151434,1.4479934438765554,1.7743019266452023,2.0561646144834356,1.9148500778577626,54.10376111276852,24.767837897867174,0.20366848603016138,100.0
0.935,87.19315888167358,1.773209345666956,1.543234073971675,1.7732109325788543,2.0448068818196816,1.9121946821643068,54.09185569628718,24.585375740498602,0.17361231044059994,100.0
1.34,87.1949135693799,1.771454657960632,1.4439448636299232,1.7714569178957162,2.053059438705972,1.9145900582497006,54.10390779617733,24.770146781651633,0.2040441882250309,100.0
0.93,87.19603869221348,1.7703295351270611,1.5415698279449401,1.7703311136511075,2.0413946987343365,1.9118570172028,54.09170560964481,24.583124912710478,0.1732366082457304,100.0
1.345,87.19782927766046,1.768538949680078,1.4398255485405826,1.7685412179204918,2.049873743210469,1.9143227328269439,54.10405447958614,24.772456451212708,0.2044198904199004,100.0
0.925,87.19898948697896,1.767378740361579,1.5398347554254315,1.7673803104967305,2.0379016295543693,1.9115117005206321,54.09155543170388,24.58087471818425,0.1728609060508609,100.0
1.35,87.20081547765665,1.7655527496838914,1.4356354992626876,1.7655550262312942,2.0466075279969544,1.9140478624681367,54.10420116299496,24.77476690633063,0.20479559261476993,100.0
0.92,87.2020112659751,1.7643569613654364,1.5380288563947602,1.764358523110556,2.0343276742797514,1.9111587288454142,54.091405253762936,24.578625327630224,0.17248520385599136,100.0
1.355,87.2038724673602,1.7624957599803395,1.4313747158140586,1.7624980448343535,2.0432607930654285,1.9137658468467857,54.10434784640376,24.777078146785637,0.20517129480963947,100.0
0.915,87.20510403001175,1.761264197328785,1.5361521307372925,1.7612657506828016,2.0306728290403413,1.9107980978045036,54.09125507582199,24.57637674126915,0.17210950166112185,100.0
1.36,87.20699629090629,1.759371936434249,1.427043198194653,1.759374229621787,2.039853121897181,1.9134824587617516,54.10449452981257,24.779390172357978,0.20554699700450899,100.0
0.91,87.20826778016094,1.7581004471796007,1.534204577579004,1.7581019921414167,2.0269370893848873,1.9104298030503442,54.09110489788105,24.574128959321786,0.17173379946625233,100.0
1.365,87.21018839949885,1.7561798278416916,1.4226409464044991,1.7561821293796442,2.036377529930405,1.9131956541380537,54.10464120212708,24.781702962281308,0.2059226991993785,100.0
0.905,87.2115025164709,1.7548657108696375,1.5321861967395876,1.7548672474381817,2.0231204552869997,1.9100538414357127,54.09095471994011,24.571881982008886,0.17135809727138282,100.0
1.37,87.21345110005211,1.752917127288427,1.4181679604435828,1.7529194371777777,2.032822468557157,1.912902029566386,54.1047878535625,24.784016498221707,0.20629840139424802,100.0
0.9,87.21480823900305,1.7515599883374904,1.5300969882190145,1.7515615165116372,2.0192229267466075,1.909670209823136,54.09080442237605,24.569635586045457,0.1709823950765133,100.0
1.375,87.21678429532386,1.7495839320166766,1.413624246475365,1.749586250259037,2.0291884150673383,1.9126017315657682,54.10493450225948,24.78633081355993,0.20667410358911753,100.0
0.895,87.2181849482571,1.7481832790834346,1.5279369509396048,1.7481847988621098,2.0152445037637534,1.9092789053819021,54.0906539420503,24.56738965365234,0.17060669288164376,100.0
1.38,87.22018827006569,1.7461799572748475,1.4090098287839936,1.7461822838697003,2.0254739061505376,1.9122943319145758,54.10508110687874,24.788645831538204,0.20704980578398705,100.0
0.89,87.22163264471516,1.7447355826253812,1.525706083114045,1.7447370940075047,2.011185186191554,1.9088799254233202,54.090503449388194,24.56514450349143,0.17023099068677428,100.0
1.385,87.22366302051279,1.7427052068277504,1.4043247098499876,1.7427075417745783,2.0216789432640354,1.9119798366943102,54.10522763931492,24.79096149991052,0.20742550797885656,100.0
0.885,87.22515131327049,1.7412169140700513,1.5234043847118528,1.741218417054651,2.0070449705581694,1.908473261995885,54.09035295672607,24.562900158834616,0.16985528849190473,100.0
1.39,87.22720646498436,1.7391617623561757,1.3995688896733327,1.7391641056688427,2.01780733828609,1.911659038769553,54.1053741717511,24.793277952108316,0.20780121017372608,100.0
0.88,87.22874066461424,1.7376275627263027,1.521031855732943,1.7376290573143875,2.0028253040730846,1.9080593370421222,54.09020246105108,24.5606566142709,0.16947958629703522,100.0
1.395,87.23081371342285,1.735554513917691,1.3947423682540432,1.7355568656437783,2.013860446589277,1.9113311557736112,54.105520704187285,24.79559518791191,0.2081769123685956,100.0
0.875,87.23240097764081,1.733967249699731,1.5185884961774008,1.7339687358903972,1.9985248767926151,1.9076377655474615,54.09005193370625,24.558413816449097,0.1691038841021657,100.0
1.4,87.23449160786417,1.7318766194763668,1.3898451455920906,1.7318789796162464,2.009833708269568,1.9109963815107502,54.10566722796259,24.79791319107257,0.20855261456346513,100.0
0.87,87.23613228068963,1.7302359466509074,1.5160743060451551,1.7302374244430525,1.9941435476913512,1.9072085029365968,54.08990137737292,24.556171770587987,0.1687281819072962,100.0
1.405,87.23824023757766,1.728127989762882,1.3848772228299566,1.728130358316315,2.00572667576742,1.9106545904498218,54.10581375029681,24.80023197473582,0.20892831675833465,100.0
0.865,87.23993457377317,1.7264336535673692,1.51348928532353,1.7264351229599186,1.98968131676925,1.9067715462606782,54.089750754465285,24.553930406628997,0.16835247971242667,100.0
1.41,87.24205955656889,1.7243086707716486,1.379838602144602,1.7243110477387007,2.001539360280347,1.9103057799745953,54.10596027263103,24.80255154134929,0.20930401895320416,100.0
0.86,87.24380785703532,1.7225603703052172,1.5108334337425617,1.722561831297034,1.9851381839138327,1.9063268925651613,54.0896001059009,24.551689801275984,0.16797677751755713,100.0
1.415,87.24594934472101,1.7204188826195264,1.3747292835887919,1.7204212680017634,1.9972717834308469,1.9099499052200795,54.106106794965264,24.80487189069334,0.20967972114807368,100.0
0.855,87.24775213093578,1.7186160964047588,1.5081067511937363,1.7186175489947544,1.9805141488244686,1.905874538488305,54.08944944408756,24.54944997794152,0.16760107532268764,100.0
1.42,87.24990984437791,1.716458382962628,1.3695492671625118,1.716460776759996,1.992923968699003,1.9095870447832977,54.106252852572986,24.80719216266795,0.2100554233429432,100.0
0.85,87.25176739573574,1.7146008316047983,1.505309237677011,1.7146022757918786,1.9758092114839343,1.9054144810913927,54.08929877744557,24.547210952587985,0.1672253731278181,100.0
1.425,87.25394104951344,1.7124271778270952,1.3642985528698688,1.7124295800395004,1.9884959249002065,1.909217210375702,54.10639887160878,24.80951314547031,0.21043112553781274,100.0
0.845,87.25585365146483,1.710514575875706,1.5024408931924143,1.7105160116587625,1.971023371891448,1.904946717572383,54.089148095119555,24.544972705129553,0.16684967093294858,100.0
1.43,87.25804295558555,1.7083252717549868,1.3589771412894862,1.7083276823824178,1.9839876539564756,1.908840412685498,54.106544870577146,24.811834873126955,0.21080682773268222,100.0
0.84,87.26001089821965,1.706357329120891,1.499501717739932,1.7063587564988183,1.9661566300420361,1.9044712452450854,54.08899739449842,24.54273523089468,0.16647396873807907,100.0
1.435,87.26221554643564,1.7041526809048975,1.353585050786421,1.704155099947323,1.9793992028580192,1.9084566690034692,54.106690448600325,24.81415660385637,0.21118252992755177,100.0
0.835,87.26423913617882,1.7021290911617228,1.4964917113195781,1.7021305101334208,1.9612089859348742,1.9039880614990004,54.08884663688218,24.54049845769635,0.16609826654320956,100.0
1.44,87.2664588075255,1.699909419815043,1.348122311882932,1.6999118472723098,1.974730591951385,1.908065984372981,54.10683602335847,24.816479109924764,0.21155823212242125,100.0
0.83,87.26853836564527,1.6978298616952685,1.4934108739313245,1.69783127225962,1.9561804395699767,1.9034971636542009,54.088695822823176,24.53826238677465,0.16572256434834004,100.0
1.445,87.27077243594495,1.69559579139559,1.3425889323365112,1.6955982272695707,1.9699832741264487,1.9076687910095729,54.106981573954336,24.818802352472414,0.2119339343172908,100.0
0.825,87.27290858666473,1.6934596406758118,1.4902592055752137,1.6934610428317227,1.951070990941247,1.9029985489934316,54.088545002292506,24.53602711182893,0.16534686215347053,100.0
1.45,87.27515531906027,1.6912129082802636,1.336984913512822,1.691215352580511,1.9651628049820573,1.9072667358196889,54.10712709626445,24.821126323667706,0.21230963651216028,100.0
0.82,87.2773497992873,1.6890184280532452,1.4870367062400618,1.6890198217995789,1.9458806399086939,1.9024922147844776,54.08839417261097,24.533792628063217,0.164971159958601,100.0
1.455,87.2796088405687,1.6867593867718398,1.3313102554117933,1.6867618394983708,1.9602622545972679,1.906857780336106,54.10727253190926,24.82345091537144,0.21268533870702983,100.0
0.815,87.28186200485172,1.684506222488821,1.4837433744286272,1.6845076078245114,1.940609384557149,1.9019781577588741,54.08824333957286,24.5315589465379,0.16459545776373147,100.0
1.46,87.2841329858359,1.6822352415046424,1.3255649580335103,1.682237702657568,1.9552816579853243,1.9064419424473058,54.10741794685492,24.82577624935011,0.21306104090189934,100.0
0.81,87.28644520485669,1.6799230224838482,1.4803792068425707,1.679924399407767,1.935257224222127,1.9014563751142584,54.08809248852111,24.529326040038796,0.16421975556886198,100.0
1.465,87.28872625406554,1.6776419732750014,1.319749021377902,1.6776444428647834,1.9502210258771413,1.9060209151086982,54.10756334483441,24.828102332294893,0.21343674309676886,100.0
0.805,87.29109940009292,1.6752688272476206,1.4769442018458818,1.6752701957586993,1.9298241589036422,1.900926864083263,54.08794163746938,24.527093942497128,0.16384405337399244,100.0
1.47,87.29338978838567,1.6729784389548712,1.3138624454468442,1.6729809169840593,1.9450803879546328,1.9055934239410088,54.10770857312937,24.830428881709302,0.21381244529163837,100.0
0.8,87.29582459222223,1.6705436351183067,1.4734383546714298,1.670544995215451,1.9243101886016944,1.90038962234404,54.08779073056119,24.524862549569807,0.16346835117912292,100.0
1.475,87.29812391565453,1.66824431168601,1.3079052302604595,1.6682467981549478,1.9398597584635695,1.905159109391948,54.10785380083582,24.83275620993475,0.21418814748650788,100.0
0.795,87.30062078262263,1.6657474447179084,1.4698616612994755,1.6657487964000979,1.9187153133162695,1.8998446482451492,54.08763978704618,24.522631897500574,0.1630926489842534,100.0
1.48,87.30292863234926,1.6634395949912744,1.3018773758242332,1.6634420899003062,1.934559141367572,1.9047179769459148,54.10799900796415,24.83508427981376,0.21456384968137743,100.0
0.79,87.30548797215707,1.6608802551834714,1.466214119367777,1.6608815984496403,1.9130395330473675,1.8992919399170232,54.08748882797919,24.520402025916013,0.1627169467893839,100.0
1.485,87.30780276475217,1.6585654625883706,1.2957847446694757,1.658567965905479,1.929178539020782,1.904268717365269,54.10814411865377,24.83741295095402,0.21493955187624694,100.0
0.785,87.31042613449233,1.655942092848207,1.462495862443049,1.6559434276965874,1.9072828477950026,1.8987314678229479,54.087337849071936,24.518172926999327,0.16234124459451438,100.0
1.49,87.31274727301872,1.6536209543218234,1.2896225293680175,1.6536234660415459,1.9237179547560146,1.9038124167574455,54.10828922934338,24.83974240135073,0.21531525407111646,100.0
0.78,87.31543523903929,1.6509329883012498,1.4587069904154504,1.6509343147295965,1.901445257559189,1.8981631940430415,54.08718686076647,24.515944620517242,0.16196554239964486,100.0
1.495,87.31776235830445,1.6486058690360892,1.2833897069052256,1.6486083891586447,1.9181773889950193,1.903349310860899,54.10843420554527,24.842072382323575,0.21569095626598597,100.0
0.775,87.3205153154811,1.6458529118594356,1.4548472668919175,1.645854229866913,1.8955267623385197,1.8975871403310731,54.08703587048214,24.51371712058187,0.16158984020477535,100.0
1.5,87.32284754817327,1.643520679167267,1.2770862772941598,1.6435232076961086,1.9125568417377679,1.9028799346728975,54.10857901474375,24.84440283353213,0.2160666584608555,100.0
0.77,87.32566639394852,1.640701833392015,1.4509166917272438,1.6407031429775771,1.8895273615957535,1.8970033426984123,54.0868848801978,24.51149043111971,0.1612141380099058,100.0
0.765,87.33088847704158,1.6354797502989555,1.4469152633016193,1.6354810514615594,1.883447048078466,1.8964117972708885,54.08673388991348,24.509264552351656,0.16083843581503632,100.0
0.76,87.33618156558788,1.63018666175266,1.4428429811615189,1.6301879544912652,1.8772858194623154,1.8958125011589442,54.08658287895123,24.5070394457594,0.16046273362016678,100.0
0.755,87.34154565960145,1.6248225677390877,1.4386998453062319,1.62482385205264,1.8710436757291973,1.8952054520145072,54.08643186320918,24.504815141341275,0.16008703142529726,100.0
0.75,87.34698069708566,1.6193875302548832,1.4344858557129498,1.6193888061427741,1.864720616873484,1.894590632608231,54.08628084746711,24.502591648272258,0.15971132923042775,100.0
0.745,87.3524867335102,1.613881493830334,1.4302010121953685,1.6138827612915576,1.8583166428951614,1.893968053635732,54.08612971932583,24.500368756148745,0.15933562703555823,100.0
0.74,87.35806377733996,1.608304450000574,1.425845314712518,1.6083057090340702,1.851831753794201,1.8933377143248764,54.085978589742886,24.498146673100134,0.15895992484068872,100.0
0.735,87.36371182955776,1.6026563977827806,1.42141876326437,1.6026576483874664,1.8452659495706314,1.8926996119273125,54.0858274467948,24.495925376997835,0.15858422264581917,100.0
0.73,87.36943089068977,1.5969373366507682,1.41692135556994,1.5969385788256205,1.8386192302244524,1.8920537447383892,54.08567629960535,24.49370488515873,0.15820852045094969,100.0
0.725,87.3752206660514,1.5911475612891337,1.4123530888641795,1.5911487950351357,1.831891595755664,1.8914004408527145,54.085525152415904,24.491485205752877,0.15783281825608014,100.0
0.72,87.38108134331799,1.5852868840225511,1.407713963133915,1.5852881093394102,1.8250830461642664,1.8907394787646896,54.08537400381849,24.489266336361414,0.15745711606121063,100.0
0.715,87.38701302014813,1.5793552071924069,1.403003978362463,1.579356424079154,1.8181935814502452,1.8900707315206688,54.08522283388216,24.487048239833005,0.1570814138663411,100.0
0.71,87.39301567550098,1.5733525518395624,1.3982231345140832,1.5733537602953676,1.8112233014388721,1.8893942533760268,54.08507166336575,24.4848309553053,0.1567057116714716,100.0
0.705,87.39908902459092,1.5672792027496172,1.3933714315760426,1.56728040277562,1.804173674103268,1.8887104627605595,54.084920492849335,24.482614484086827,0.15633000947660208,100.0
0.7,87.40523338470378,1.5611348426367613,1.3884488695483554,1.5611360342319245,1.7970431277637715,1.8880188936376532,54.08476929598455,24.48039877698018,0.15595430728173257,100.0
0.695,87.41144875589009,1.5549194714504466,1.3834554484310644,1.554920654613727,1.7898316623262929,1.8873195439845334,54.08461794351908,24.4781835917741,0.15557860508686305,100.0
0.69,87.41773513824442,1.5486330890961142,1.3783911682241126,1.5486342638264319,1.7825392777490379,1.88661241190425,54.08446658279906,24.47596920503828,0.1552029028919935,100.0
0.685,87.42409253199594,1.5422756953445997,1.3732560284401956,1.5422768616409315,1.7751659736562289,1.8858974954849612,54.08431522207905,24.47375563247588,0.15482720069712402,100.0
0.68,87.43052093827524,1.5358472890653019,1.3680500254711632,1.5358484469266158,1.7677117484175966,1.8851747931389318,54.08416376045412,24.47154268498815,0.15445149850225448,100.0
0.675,87.43702035746983,1.5293478698707048,1.3627731585364131,1.5293490192959722,1.760176601842943,1.884444302845501,54.08401220273182,24.46933037179274,0.15407579630738497,100.0
0.67,87.44359070150254,1.522777525837995,1.3574254276284279,1.5227786668267982,1.752560978161,1.8837061520101714,54.083860621334374,24.467118828975735,0.15370009411251545,100.0
0.665,87.45023200961816,1.5161362177223765,1.3520068327296713,1.516137350274019,1.7448646816433921,1.882960281326828,54.0837090220364,24.464908067584272,0.15332439191764594,100.0
0.66,87.45694433227281,1.5094238950677266,1.3465173738321425,1.5094250191811596,1.7370874602510327,1.8822066150713677,54.08355741026505,24.462698098016986,0.15294868972277642,100.0
0.655,87.46372766963931,1.502640557701227,1.3409570508640911,1.502641673375416,1.7292293139839217,1.8814451512864827,54.083405754352526,24.460488861045594,0.1525729875279069,100.0
0.65,87.47058202178741,1.4957862055531308,1.335325863779076,1.4957873127870556,1.7212902428420875,1.8806758882231072,54.08325409844,24.458280439738115,0.1521972853330374,100.0
0.645,87.47750738876258,1.4888608385779634,1.3296238125769975,1.4888619373705638,1.7132702468254877,1.8798988241406833,54.08310244252748,24.456072834315506,0.15182158313816785,100.0
0.64,87.4845037710448,1.4818644562957388,1.3238508972579268,1.4818655466459716,1.7051693259341505,1.8791139567893291,54.08295072117399,24.453865922124404,0.15144588094329836,100.0
0.635,87.4915711690698,1.4747970582707381,1.3180071178218071,1.4747981401775832,1.6969874801680618,1.8783212839931003,54.082798970760145,24.451659771682166,0.15107017874842882,100.0
0.63,87.49870958284168,1.4676586444988544,1.3120924742618598,1.4676597179612372,1.6887247095272073,1.8775208040760014,54.082647210986565,24.44945442019416,0.1506944765535593,100.0
0.625,87.50591901237657,1.4604492149639725,1.3061069665059648,1.4604502799808556,1.6803810140116582,1.8767125153988244,54.082495448404146,24.447249880180728,0.1503187743586898,100.0
0.62,87.5131994315716,1.4531687957689314,1.300050594455655,1.4531698523394567,1.6719563936213149,1.8758964454573273,54.08234368582171,24.445046157137483,0.14994307216382027,100.0
0.615,87.52055085610567,1.4458173712348668,1.2939233580969471,1.445818419358048,1.6634508479689742,1.8750725752278545,54.08219192323931,24.442843251285414,0.14956736996895076,100.0
0.61,87.527973297279,1.4383949300615342,1.2877252574253362,1.4383959697363196,1.6548643764570699,1.8742408907267056,54.08204016065688,24.44064116284547,0.14919166777408122,100.0
0.605,87.5354667552679,1.4309014720726339,1.2814562924408364,1.4309025032979832,1.6461969790756257,1.873401390441979,54.08188839807446,24.438439892038627,0.14881596557921173,100.0
0.6,87.54303123027658,1.4233369970639558,1.2751164631434193,1.423338019838809,1.6374486557857182,1.8725540728821735,54.08173663487629,24.436239437928787,0.14844026338434219,100.0
0.595,87.55066672242046,1.4157015049200794,1.2687057695331134,1.4157025192433905,1.62861940642361,1.8716989365829135,54.08158481345364,24.434039692475988,0.14806456118947267,100.0
0.59,87.55837323190482,1.4079949954357147,1.262224211352418,1.4079960013064152,1.6197092309695478,1.8708359803218784,54.08143294652793,24.43184067979195,0.14768885899460316,100.0
0.585,87.56615075917868,1.4002174681618555,1.2556717864625,1.4002184655789052,1.6107181293943569,1.869965203088742,54.08128093721198,24.42964221798516,0.14731315679973364,100.0
0.58,87.57399930473778,1.3923689226027562,1.2490484943853346,1.3923699115651202,1.6016460997711164,1.8690866030006354,54.081128918570265,24.42744455735737,0.14693745460486413,100.0
0.575,87.58191886885209,1.3844493584884532,1.2423543350400763,1.3844503389950886,1.5924931409333993,1.868200178321225,54.08097689851298,24.425247712995745,0.1465617524099946,100.0
0.57,87.58990945232091,1.3764587750196284,1.23558930681925,1.3764597470694837,1.5832592514848614,1.86730592737879,54.080824836412816,24.423051608736593,0.1461860502151251,100.0
0.565,87.59797105570986,1.3683971716306758,1.228753408974697,1.3683981352227363,1.5739444303378178,1.8664038484563426,54.08067270898141,24.42085620100577,0.14581034802025555,100.0
0.56,87.60610367958621,1.3602645477543263,1.2218466397492733,1.3602655028875517,1.5645486774917714,1.8654939406426105,54.08052058155001,24.418661612850038,0.14543464582538607,100.0
0.555,87.61430732464021,1.3520609027003303,1.214868998415767,1.3520618493736862,1.555071992942743,1.864576202918959,54.08036845411861,24.416467844490384,0.14505894363051652,100.0
0.55,87.62258199091427,1.3437862364262685,1.207820484974178,1.3437871746387315,1.5455143766882316,1.8636506340401164,54.08021632668719,24.41427489614781,0.144683241435647,100.0
0.545,87.63092767846435,1.3354405488761927,1.2007010994244922,1.33544147862674,1.5358758285495497,1.8627172327369044,54.080064199255794,24.412082768043295,0.1443075392407775,100.0
0.54,87.63934438758695,1.3270238397535934,1.1935108417667237,1.3270247610411787,1.5261563471079,1.8617759973843289,54.079912071824396,24.409891460397827,0.14393183704590798,100.0
0.535,87.64783211876889,1.3185361085716494,1.1862497120008584,1.3185370213952354,1.5163559299665792,1.8608269260967756,54.079759942527595,24.407700969922864,0.14355613485103846,100.0
0.53,87.6563908721159,1.3099773552246319,1.178917709779526,1.3099782595831813,1.5064745770697243,1.8598700177861103,54.079607812793114,24.40551129952473,0.14318043265616895,100.0
0.525,87.6650206482938,1.301347579046734,1.1715148323612823,1.3013484749392632,1.4965122884084678,1.8589052719000834,54.07945568305862,24.403322450247778,0.14280473046129943,100.0
0.52,87.67372144804823,1.292646779292312,1.1640410777444714,1.2926476667177866,1.486469063979186,1.8579326878181455,54.07930355332414,24.40113442231298,0.1424290282664299,100.0
0.515,87.68249327168373,1.2838749556568132,1.1564964458626577,1.2838758346142243,1.4763449037819498,1.8569522645426626,54.07915142358964,24.3989472159413,0.1420533260715604,100.0
0.51,87.69133611944359,1.2750321078969478,1.1488809367158694,1.2750329783852863,1.4661398078167451,1.8559640010713783,54.07899929385516,24.396760831353703,0.14167762387669086,100.0
0.505,87.70024999165918,1.2661182356813612,1.141194550304121,1.266119097699584,1.455853776083515,1.8549678964560505,54.078847164120674,24.39457526877115,0.14130192168182135,100.0
0.5,87.70923488834069,1.25713333899985,1.1334372866273839,1.257134192546988,1.445486808582345,1.8539639497034663,54.078695034386186,24.392390528414595,0.14092621948695183,100.0
0.495,87.71829080984394,1.248077417496603,1.125609145685658,1.2480782625716018,1.435038904493453,1.852952159646793,54.07854288808168,24.390206579307492,0.14055051729208232,100.0
0.49,87.72741775663248,1.2389504707080619,1.1177101274787162,1.2389513073099097,1.4245100623952993,1.8519325249671503,54.0783907269914,24.38802342502264,0.1401748150972128,100.0
0.485,87.73661572876128,1.2297524985792592,1.1097402320006324,1.2297533267069582,1.4139002822625457,1.8509050446902244,54.07823855855562,24.385841079784583,0.13979911290234326,100.0
0.48,87.74588472694431,1.2204835003962273,1.1016994592490903,1.2204843200487177,1.4032095640951496,1.8498697174830299,54.07808638746538,24.383659552645177,0.13942341070747377,100.0
0.475,87.75522462517348,1.2111436021670556,1.093587809213716,1.2111444133441978,1.3924379078931395,1.848826514688765,54.077934197082406,24.38147881248635,0.13904770851260423,100.0
0.47,87.76463553861521,1.201732688725329,1.0854052818751967,1.201733491426151,1.3815853136565153,1.8477754608648282,54.07778200453258,24.3792988917785,0.13867200631773471,100.0
0.465,87.77411747846058,1.1922507488799567,1.0771518771948934,1.1922515431034555,1.3706517813816816,1.8467165576687934,54.07762981198275,24.377119794823415,0.1382963041228652,100.0
0.46,87.78367044485165,1.1826977824888871,1.0688275951258532,1.1826985682340336,1.3596373109767654,1.845649804316094,54.07747761943292,24.374941521842022,0.13792060192799568,100.0
0.455,87.7932944380508,1.1730737892897452,1.0604324356575887,1.173074566555485,1.3485419020245928,1.8445751999506008,54.077325334341516,24.372763898698757,0.13754489973312617,100.0
0.45,87.80298945823945,1.1633787691010866,1.0519663987900714,1.1633795378864193,1.3373655544159107,1.8434927437318438,54.07717300124935,24.370587009513407,0.13716919753825665,100.0
0.445,87.81275550622873,1.1536127211118128,1.0434294845233012,1.153613481415664,1.3261082679640168,1.8424024348442047,54.07702065055244,24.368410911766322,0.13679349534338714,100.0
0.44,87.82259258308551,1.1437756442550295,1.0348216928572782,1.1437763960763618,1.3147700422805855,1.8413042723109485,54.0768682958832,24.366235631362578,0.1364177931485176,100.0
0.435,87.83250068938662,1.1338675379539183,1.0261430237920024,1.1338682812916887,1.3033508772929991,1.8401982555682495,54.07671594121396,24.364061176008395,0.1360420909536481,100.0
0.43,87.84247982544753,1.1238884018930122,1.0173934773274738,1.1238891367461776,1.291850773001272,1.8390843836709272,54.07656358128016,24.36188753600076,0.13566638875877857,100.0
0.425,87.85252999134877,1.1138382359917642,1.008573053463735,1.1138389623593015,1.280269729405319,1.8379626559361542,54.0764112022849,24.359714685548315,0.13529068656390905,100.0
0.42,87.86265118710081,1.1037170402397294,0.9996817522007291,1.103717758120527,1.2686077464648093,1.8368330717892138,54.07625882328964,24.357542660800874,0.13491498436903954,100.0
0.415,87.87284341299437,1.0935248143461678,0.9907195735384704,1.093525523739217,1.2568648228825055,1.8356956303270238,54.076106444294375,24.355371461979345,0.13453928217417002,100.0
0.41,87.88310666923675,1.0832615581037857,0.9816865174769447,1.0832622590079979,1.2450409580316517,1.8345503308736122,54.075954065299115,24.353201089304644,0.1341635799793005,100.0
0.405,87.89344095585663,1.0729272714839055,0.9725825840162088,1.0729279638982376,1.2331361518942572,1.8333971729400176,54.075801685383034,24.35103154126109,0.133787877784431,100.0
0.4,87.90384627294009,1.0625219544004523,0.9634077731562058,1.062522638323864,1.2211504044583137,1.832236156178214,54.07564929494108,24.348862799953036,0.13341217558956148,100.0
0.395,87.91432256695649,1.052045660384053,0.9541620848969501,1.0520463358158452,1.2090837157203964,1.8310672686032936,54.07549690223284,24.346694881175917,0.13303647339469193,100.0
0.39,87.92486986766879,1.041498359671749,0.9448455189819782,1.0414990266110125,1.1969360848541726,1.8298905155316723,54.07534444456178,24.344527666879877,0.13266077119982242,100.0
0.385,87.93548820093443,1.030880026406109,0.9354580736911515,1.0308806848518146,1.1847075104222,1.8287059020409207,54.07519193210133,24.34236117646661,0.1322850690049529,100.0
0.38,87.94617756731876,1.0201906600217825,0.9259997468087988,1.0201913099728614,1.1723979923965828,1.8275134281688825,54.0750394121468,24.34019549936793,0.1319093668100834,100.0
0.375,87.95693796750172,1.0094302598388225,0.9164705380505609,1.0094309012942488,1.1600075307067925,1.8263130932039298,54.07488676972605,24.338030418862154,0.13153366461521387,100.0
0.37,87.96776940204042,0.998598825300121,0.9068704474164662,0.9985994582588404,1.1475361242811175,1.8251048965113057,54.07473409220992,24.335866100003216,0.13115796242034436,100.0
0.365,87.9786717934295,0.9876964339110401,0.8971995438259341,0.9876970583720407,1.134983770654955,1.8238888948318248,54.0745813951025,24.3337025722555,0.13078226022547484,100.0
0.36,87.98964501108546,0.9767232162550812,0.8874584405578076,0.9767238322140486,1.1223504686947052,1.8226649757716815,54.07442869382067,24.331539864929393,0.13040655803060533,100.0
0.355,88.00068926499607,0.9656789623444695,0.8776464537739344,0.9656795698003634,1.1096362183769628,1.8214331927351832,54.07427591438362,24.32937783859701,0.13003085583573581,100.0
0.35,88.01180455564848,0.9545636716920569,0.867763581707294,0.9545642706438088,1.0968410197017704,1.8201935460416572,54.07412308844388,24.327216553211745,0.12965515364086627,100.0
0.345,88.02299088310947,0.9433773442310667,0.8578098242071945,0.9433779346776447,1.0839648726691422,1.8189460356051608,54.07397025880194,24.325056089780162,0.12927945144599676,100.0
0.34,88.03424824751846,0.9321199798220761,0.8477851808638945,0.9321205617624401,1.0710077772790214,1.8176906613209989,54.073817429159995,24.322896455511703,0.12890374925112724,100.0
0.335,88.0455765433755,0.9207916839650352,0.83768965150513,0.9207922573988583,1.0579697335314648,1.8164274013213348,54.07366456394007,24.32073758344369,0.12852804705625773,100.0
0.33,88.05697582634873,0.9093924009918055,0.8275232361306877,0.9093929659184085,1.0448507414154307,1.815156266771128,54.07351167780307,24.318579501467124,0.1281523448613882,100.0
0.325,88.06844614810574,0.897922079234803,0.8172859346056072,0.8979226356531314,1.031650800903023,1.8138772676432109,54.073358781649894,24.31642223038107,0.1277766426665187,100.0
0.32,88.07998750878099,0.8863807185595505,0.806977746545158,0.886381266468544,1.018369911992778,1.8125904039748588,54.073205803190184,24.314265633859957,0.12740094047164918,100.0
0.315,88.09159990840801,0.8747683189325244,0.79659867192251,0.8747688583311202,1.005008074684298,1.8112956758019625,54.073052791382814,24.312109804586562,0.12702523827677967,100.0
0.31,88.10328334707721,0.8630848802633295,0.786148710737578,0.863085411150476,0.9915652887497259,1.8099930831227429,54.07289977412501,24.30995479546977,0.12664953608191012,100.0
0.305,88.11503782502417,0.8513304023163641,0.7756278629890261,0.8513309246910324,0.9780415531184445,1.808682625707177,54.07274674066221,24.30780058640833,0.1262738338870406,100.0
0.3,88.12686334249355,0.8395048848469884,0.7650361286764422,0.8395053987081156,0.9644368666011474,1.8073643033203048,54.07259370591597,24.305647205810267,0.1258981316921711,100.0
0.295,88.13875989951788,0.8276083278226594,0.7543735076656048,0.8276088331691852,0.9507512291885263,1.8060381161261132,54.07244067116973,24.303494656321163,0.12552242949730158,100.0
0.29,88.15072749645131,0.8156407308892284,0.7436399981862678,0.8156412277201014,0.9369846408803113,1.8047040646417902,54.07228763642348,24.301342938161866,0.12514672730243206,100.0
0.285,88.16276613414895,0.8036020931915857,0.7328355996828577,0.8036025815057769,0.9231371016765166,1.8033621483528286,54.07213460167724,24.299192051553224,0.12477102510756255,100.0
0.28,88.1748758168003,0.7914924105402434,0.7219603121414622,0.7914928903366644,0.9092086112143676,1.8020123628400264,54.071981566931015,24.297041996716075,0.12439532291269303,100.0
0.275,88.18705654528951,0.7793116820510306,0.7106930916424261,0.7793121533286012,0.8951991683406249,1.800654707350914,54.071828529551816,24.294892768893796,0.1240196207178235,100.0
0.27,88.19930831968601,0.7670599076545273,0.6993622833052058,0.7670603704121703,0.8811087729683891,1.799289182199988,54.071675485536375,24.29274436073726,0.12364391852295399,100.0
0.265,88.21163114001581,0.7547370873247274,0.6879725561658177,0.7547375415613515,0.8669374250977029,1.7979157877324343,54.07152244152093,24.290596785011644,0.12326821632808448,100.0
0.26,88.22402500669058,0.742343220649957,0.6765239102242617,0.7423436663645049,0.8526851247285521,1.7965345246966054,54.07136939750548,24.288450041937754,0.12289251413321495,100.0
0.255,88.23648992015815,0.7298783071823891,0.6650163454616802,0.7298787443737978,0.8383518706818904,1.7951453933310926,54.07121635349004,24.286304131736394,0.12251681193834543,100.0
0.25,88.2490258808869,0.7173423464536341,0.653449861862029,0.7173427751208152,0.8239376614739626,1.7937483934980303,54.071063309474596,24.284159054628358,0.12214110974347592,100.0
0.245,88.26163288919804,0.7047353381424983,0.641824459333094,0.704735758284437,0.8094424970991838,1.7923435253307605,54.070910253356494,24.282014787942593,0.1217654075486064,100.0
0.24,88.27431094522338,0.6920572821171618,0.6301401373045366,0.6920576937327325,0.794866377557554,1.7909307894505926,54.07075718204288,24.279871326043775,0.12138970535373689,100.0
0.235,88.28706004914629,0.6793081781942476,0.6183968950317791,0.679308581282396,0.7802093028490731,1.789510186562652,54.070604100256055,24.27772867807891,0.12101400315886736,100.0
0.23,88.29988020106902,0.6664880262715229,0.606594732112228,0.6664884208311719,0.7654712729737412,1.7880817173071082,54.07045099060339,24.27558681135714,0.12063830096399784,100.0
0.225,88.31277140111351,0.6535968262270302,0.5947336481399077,0.6535972122571024,0.7506522879315298,1.7866453823404655,54.07029781187829,24.27344564812748,0.12026259876912833,100.0
0.22,88.32573364932955,0.6406345780109888,0.5828136430464781,0.6406349555104583,0.7357523477148789,1.7852011822640759,54.070144599306495,24.271305255239515,0.1198868965742588,100.0
0.215,88.33876694602121,0.627601281319329,0.5708347168158951,0.6276016502870874,0.7207714522743345,1.783749117710276,54.06999127277186,24.269165481281547,0.11951119437938929,100.0
0.21,88.35187129151566,0.6144969358248744,0.5587968694455014,0.614497296259836,0.7057096016003612,1.7822891891080586,54.06983785943327,24.26702637784223,0.11913549218451977,100.0
0.205,88.3650466821357,0.6013215452048399,0.5467001009285752,0.6013218971059728,0.6905667956362294,1.7808213963696673,54.069684435058306,24.26488808852006,0.11875978998965026,100.0
0.2,88.378293116857,0.588075110483544,0.5345444111726607,0.5880754538497655,0.6753430326542684,1.7793457394858723,54.069531007338185,24.262750628089986,0.11838408779478074,100.0
0.195,88.39161060111843,0.5747576262221088,0.5223297997752496,0.5747579610524014,0.6600383118419444,1.7778622200988223,54.06937745279191,24.26061376300619,0.11800838559991121,100.0
0.19,88.40499913516928,0.5613690921712617,0.5100562666493573,0.5613694184644828,0.6446526331992288,1.7763708392397874,54.069223775452066,24.258477501083128,0.1176326834050417,100.0
0.185,88.41845871945925,0.5479095078812861,0.4977238113905713,0.5479098256364182,0.629185996726136,1.7748715982048309,54.069070064655556,24.25634201166217,0.11725698121017218,100.0
0.18,88.43198895732782,0.534379270012721,0.4853324338896243,0.534379579217736,0.6136384024227084,1.773364108420344,54.06891634746362,24.25420734619445,0.11688127901530267,100.0
0.175,88.44558941519955,0.5207788121409891,0.47288213413614244,0.5207791127744713,0.5980098491873349,1.771848101753895,54.06876263027169,24.252073517009798,0.11650557682043314,100.0
0.17,88.4592608320856,0.5071073952549341,0.4603729117421267,0.5071076873164941,0.5823003355948231,1.7703243409448062,54.06860889279999,24.24994048591784,0.11612987462556362,100.0
0.165,88.47300330230675,0.4933649250337879,0.447804766510572,0.49336520852238264,0.5665098604470131,1.7687927225120863,54.068455127575504,24.247808238974354,0.11575417243069411,100.0
0.16,88.48681682233956,0.4795514050009757,0.43517769844146414,0.47955167991557063,0.5506384213250612,1.7672532456238037,54.06830115359472,24.24567643351397,0.11537847023582459,100.0
0.155,88.50070139364314,0.4656668336973979,0.42249170752396026,0.4656671000369613,0.53468601697125,1.7657059110191218,54.068147138226294,24.243545386771018,0.11500276804095506,100.0
0.15,88.51465701996808,0.45171120737245474,0.4097467937155699,0.45171146513592647,0.5186526470410229,1.764150719822315,54.06799311805436,24.24141516826421,0.11462706584608555,100.0
0.145,88.5286837013874,0.437684525953145,0.39694295693908543,0.43768477513944504,0.5025383114843436,1.762587673070132,54.067839091724686,24.239285775645705,0.11425136365121603,100.0
0.14,88.54278143792298,0.42358678941755556,0.38408019715082276,0.4235870300256465,0.48634301029449034,1.761016771889937,54.06768495296536,24.23715700775048,0.11387566145634652,100.0
0.135,88.55695022691636,0.4094180004241821,0.37115851431427416,0.40941823245302655,0.470066743313339,1.7594380171478048,54.06753073646771,24.235028930509152,0.11349995926147699,100.0
0.13,88.57119006834367,0.39517815899687037,0.3581779084210268,0.39517838244541964,0.4537095104680162,1.757851410263133,54.06737642795714,24.232901517060863,0.11312425706660748,100.0
0.125,88.58550096608886,0.38086726125168013,0.34513837946171577,0.38086747611893657,0.4372713109062971,1.7562569531403733,54.06722205866469,24.230774826802698,0.11274855487173796,100.0
0.12,88.59988292047827,0.3664853068622733,0.33203992740308763,0.3664855131471825,0.42075214323494947,1.7546546466615784,54.06706766776191,24.228648934189582,0.11237285267686845,100.0
0.115,88.61433593177888,0.3520322955616564,0.3188825522205292,0.35203249326316666,0.40415200740926593,1.7530444918851704,54.066913145579846,24.2265236315185,0.11199715048199893,100.0
0.11,88.62886000061081,0.33750822672972447,0.3056662538842687,0.3375084158468013,0.3874709034234485,1.7514264894995104,54.06675851449465,24.22439896139853,0.1116214482871294,100.0
0.105,88.64345512783481,0.3229130995057261,0.292391032373331,0.3229132800373293,0.3707088312715996,1.749800641171063,54.06660387794046,24.22227512014584,0.11124574609225989,100.0
0.1,88.6581213142076,0.3082469131329333,0.2790568876877444,0.30824708507806803,0.3538657909467844,1.7481669483604032,54.066449241386294,24.220152118350306,0.11087004389739037,100.0
0.095,88.67285855975723,0.293509667583308,0.2656638197948098,0.29350983094092553,0.3369417824296477,1.7465254124889018,54.066294590752825,24.218029929528967,0.11049434170252086,100.0
0.09,88.68766686453219,0.27870136280834856,0.25221182854342317,0.27870151757744,0.31993680571112293,1.7448760350652637,54.066139922130205,24.215908546479763,0.11011863950765133,100.0
0.085,88.70254622865417,0.26382199868636746,0.23870091390671178,0.2638221448659067,0.30285086075609513,1.7432188176397696,54.06598523254765,24.213787963779204,0.10974293731278181,100.0
0.08,88.7174966524149,0.24887157492564427,0.22513107586992476,0.24887171251463086,0.28568394688599597,1.7415537616235033,54.065830538122064,24.211668212214885,0.1093672351179123,100.0
0.075,88.73251813758684,0.2338500897537017,0.21150231441619383,0.23385021875108974,0.2684360595284261,1.739880867085379,54.06567583824872,24.20954929085771,0.10899153292304278,100.0
0.07,88.74761068564248,0.21875754169805361,0.19781462954478002,0.2187576621028086,0.2511071956583635,1.7382001346670823,54.06552102067825,24.207430986941993,0.10861583072817325,100.0
0.065,88.76277429669531,0.20359393064522635,0.18406802123121224,0.20359404245630514,0.23369735518194545,1.7365115660066388,54.06536616919893,24.20531345964516,0.10824012853330374,100.0
0.06,88.77800897110333,0.18835925623720584,0.17026248943801647,0.18835935945355403,0.21620653650100508,1.7348151623109367,54.06521130161583,24.203196742963,0.10786442633843422,100.0
0.055,88.79331470923827,0.17305351810226455,0.15639803414649123,0.1730536127228305,0.19863473847497914,1.7331109250925751,54.06505641508721,24.201080831714616,0.10748872414356471,100.0
0.05,88.80869151205421,0.15767671528632832,0.14247465530864645,0.1576768013101173,0.18098195821903573,1.7313988556357884,54.06490150944768,24.198965725797688,0.10711302194869518,100.0
0.045,88.82413937994336,0.14222884739717756,0.12849235228991063,0.1422289248231266,0.1632481947570028,1.729678955706742,54.06474660380814,24.19685146170338,0.10673731975382567,100.0
0.04,88.83965831346433,0.126709913876212,0.11445112484966558,0.12670998270329506,0.14543344806884306,1.7279512276973503,54.06459169261683,24.194738029112003,0.10589526581802369,100.0
0.035,88.85524831345694,0.11111991388359854,0.10035097291614647,0.11111997411081802,0.1275377181129187,1.7262156742675605,54.06443676362215,24.192625404978916,0.10229215759077073,100.0
0.03,88.87090938112907,0.09545884621147138,0.08619189598746857,0.09545889783779557,0.10956100341896047,1.7244722974418207,54.06428172702142,24.190513419003782,0.09868904936351777,100.0
0.025,88.88664151724885,0.07972671009169119,0.07197389367794926,0.07972675311615376,0.09150330260094108,1.7227210989611885,54.06412662192192,24.18840214563604,0.09508594113626481,100.0
0.02,88.90244472189966,0.06392350544088288,0.05769696597370455,0.06392353986246065,0.07336461533370198,1.7209620807421442,54.06397145035194,24.186291588932818,0.09148283290901185,100.0
0.015,88.9183189951522,0.048049232188333235,0.04336111281835997,0.04804925800602859,0.055144941445590234,1.7191952447848629,54.06381625743599,24.18418183479458,0.08787972468175889,100.0
0.01,88.93426433708242,0.032103890258113665,0.02896633415269889,0.03210390747091481,0.03684428093664849,1.7174205931387476,54.06366104979004,24.182072895999166,0.08427661645450593,100.0
0.005,88.95028074778878,0.016087479551757156,0.014512629930322873,0.01608748815864942,0.018462633806819895,1.7156381279119035,54.06350581983747,24.17996475836621,0.08067350822725297,100.0
0.0,88.96636822734054,0.0,0.0,0.0,0.0,1.7138478512851933,54.063350582913344,24.177857451241227,0.07707040000000001,100.0
